record_id,job_title,company_name,sector,group_id,text,annotator_1_level,annotator_2_level,gold_risk_level,verification_status,annotation_status,R1,R1_evidence,R2,R2_evidence,R3,R3_evidence,R4,R4_evidence,R5,R5_evidence,R6,R6_evidence,R7,R7_evidence,R8,R8_evidence,R9,R9_evidence,R10,R10_evidence,adjudicated_by,notes
REAL-IDN-0014,Deployment Admin,Brila.id,Administrative & HR,brilaid,"Job Title: Deployment Admin
Company: Brila.id
Location: Kelapa Dua
Employment Type: FULL_TIME
Experience: 0-1 years
Education: BACHELOR_DEGREE
Salary: IDR 4000000 - 5000000
Requirements: Google Sheets, Microsoft Office, Communication Skills, Data Entry
Responsibilities: Deskripsi pekerjaan Deployment Admin Brila.id Deskripsi Pekerjaan: •	Monitoring Proses Deployment: Mengawasi seluruh aktivitas pemasangan secara end-to-end, mulai dari penerimaan pesanan, perencanaan, pengiriman, hingga penyelesaian pemasangan, untuk memastikan visibilitas penuh dan kelancaran proses. •	Identifikasi & Penyelesaian Masalah: Mengidentifikasi, menganalisis, dan menyelesaikan penyimpangan (misalnya penundaan, kekurangan barang, atau kendala teknis) guna meminimalkan dampak terhadap operasional dan kepuasan pelanggan. •	Koordinasi & Komunikasi: Bertindak sebagai pusat komunikasi utama antara tim internal, klien, dan tim pemasangan, memastikan informasi tersampaikan dengan jelas dan eksekusi berjalan sesuai rencana. •	Kolaborasi dengan Tim Pemasangan: Berkoordinasi dengan tim pemasangan internal maupun eksternal untuk mengoptimalkan operasi, menjaga akurasi data, pelaporan, serta memastikan kepatuhan terhadap SOP dan standar kualitas perusahaan. •	Pelaporan & Dokumentasi: Menyusun laporan aktivitas pemasangan, mencatat kendala serta solusi yang diambil, dan memberikan rekomendasi perbaikan untuk peningkatan proses di masa mendatang. •	Quality Assurance: Memastikan standar kualitas pemasangan sesuai dengan prosedur dan spesifikasi yang ditetapkan perusahaan maupun kebutuhan klien. •	Manajemen Inventori & Logistik: Memantau ketersediaan material, peralatan, dan perangkat yang dibutuhkan untuk pemasangan, serta memastikan distribusi tepat waktu dan sesuai kebutuhan proyek. •	Analisis & Peningkatan Proses: Melakukan evaluasi berkala terhadap proses deployment, mengidentifikasi area yang dapat ditingkatkan, serta memberikan rekomendasi untuk efisiensi operasional. •	Training & Support: Memberikan arahan atau pelatihan dasar kepada tim pemasangan terkait prosedur baru, penggunaan sistem, atau standar keselamatan kerja. •	Kepatuhan & Keselamatan Kerja: Memastikan seluruh aktivitas pemasangan mematuhi regulasi keselamatan kerja, standar perusahaan, serta peraturan yang berlaku. •	Customer Experience: Mendukung tim layanan pelanggan dengan memberikan update status pemasangan, menangani keluhan terkait proses deployment, dan menjaga kepuasan klien. Kualifikasi: •	Memiliki pengalaman dalam koordinasi instalasi/pemasangan, pengiriman, dan service operation. •	Memiliki kemampuan problem solving, teamwork, teliti, inovatif, berinisiatif, serta mampu bekerja di bawah tekanan. •	Mampu menjaga kualitas kerja meskipun dalam kondisi deadline ketat. •	Bersedia bekerja di luar jam kerja yang telah ditetapkan sesuai kebutuhan operasional. •	Memiliki kemampuan analisis data untuk mendukung pengambilan keputusan. •	Memiliki kemampuan multitasking dan manajemen waktu yang baik. •	Menguasai komputer, khususnya aplikasi Microsoft Office (Word, Excel, PowerPoint) dan Google Savvy  (terutama google sheets, termasuk penggunaan formula). •	Memiliki kemampuan komunikasi yang baik, baik secara lisan maupun tulisan. •	Lebih disukai jika memiliki pengalaman dalam penggunaan sistem ERP atau aplikasi manajemen proyek/logistik. •	Lebih disukai jika memiliki pengetahuan dasar tentang aspek teknis produk yang dipasang.",,,,,PENDING,,,,,,,,,,,,,,,,,,,,,,
REAL-IDN-0040,HRGA Manager,PT. DS Solutions International,Administrative & HR,ptdssolutionsinternational,"Job Title: HRGA Manager
Company: PT. DS Solutions International
Location: Kelapa Gading
Employment Type: FULL_TIME
Experience: 1-3 years
Education: BACHELOR_DEGREE
Salary: IDR 7000000 - 10000000
Requirements: Payroll, Human Resource Development (HRD), Microsoft Office, HRIS Database Management, Talent Management
Responsibilities: Deskripsi pekerjaan HRGA Manager PT. DS Solutions International JOB DESC: Lead and manage overall Human Resources & General Affairs operations. Handle recruitment, onboarding, employee administration, attendance, leave, payroll, and employee relations. Develop and implement HR policies, SOPs, KPI/OKR, and company regulations. Monitor employee performance, discipline, engagement, and organizational development. Supervise compensation & benefits administration including BPJS and payroll accuracy. Manage office operational needs, company assets, vendor coordination, and facility maintenance. Ensure compliance with labor regulations and internal company policies. Prepare HRGA reports and support management in strategic workforce planning. Lead and develop the HRGA team to support company operational effectiveness. Support Regulatory QUALIFICATIONS : Bachelor’s degree in Human Resources, Management, Psychology, Law, or related field. Minimum 5 years of experience in HRGA field. Strong understanding of recruitment, payroll, industrial relations, and general affairs. Good leadership, communication, and problem-solving skills. Proficient in Microsoft Office and HRIS systems.",,,,,PENDING,,,,,,,,,,,,,,,,,,,,,,
REAL-IDN-0031,Staff Admin HRD,PT Proban Ostburg Trisakti,Administrative & HR,ptprobanostburgtrisakti,"Job Title: Staff Admin HRD
Company: PT Proban Ostburg Trisakti
Location: Kebayoran Lama
Employment Type: FULL_TIME
Experience: 1-3 years
Education: DIPLOMA
Salary: IDR 5729876 - 6950000
Requirements: Recruitment, Human Capital Management (HCM), Administration, Google Sheets, Microsoft Office, Office Administration, HRIS Database Management, Payroll, HR Administration, Human Resource Development (HRD)
Responsibilities: Deskripsi pekerjaan Staff Admin HRD PT Proban Ostburg Trisakti Kualifikasi Usia maksimal 30 tahun Berpengalaman sebagai Staff Admin HRD minimal 2 tahun Memiliki motivasi kerja yang tinggi & cermat dalam memperhatikan hal detail Komunikatif, rapi, terorganisir, detail, tekun dan sabar Dapat bekerja dibawah tekanan Mahir mengoperasikan Microsoft Office (Ms. Excel, Word, dll) Menguasai Ms. Excel minimal Intermediate Terbiasa mengolah data dalam jumlah besar Berpengalaman menggunakan Software HRIS Paham dan mengerti dalam Proses Perhitungan hingga Pelaporan PPh Pasal 21 terupdate Memiliki pemahaman yang baik terhadap peraturan ketenagakerjaan yang berlaku di Indonesia Penempatan Head Office di Palmerah Barat - Jakarta Selatan   Tanggung Jawab Pekerjaan Melakukan proses payroll (end to end process) Melakukan proses rekrutmen (end to end process) Perekapan, perhitungan hingga pelaporan BPJS Kesehatan, BPJS Ketenagakerjaan, & JSHK Perekapan, perhitungan hingga pelaporan PPh Pasal 21 (Bulanan dan Tahunan) Memproses administrasi & dokumentasi Karyawan baru, Existing & Resign (New Hire, OJT, mutasi, promosi, demosi, hingga Resign) Melakukan dokumentasi arsip karyawan termasuk filling, scanning dan proses administrasi lainnya secara tertib, rapi & aman Monitoring absensi & cuti karyawan Pelaporan absensi harian Mengurus surat-menyurat, ATK hingga seragam karyawan toko Dan hal-hal lain yang masih menyangkut HRD   Benefits BPJS Kesehatan BPJS Ketenagakerjaan THR  Kompensasi PKWT",,,,,PENDING,,,,,,,,,,,,,,,,,,,,,,
REAL-IDN-0046,Talent Scout/ Hunter,MSM Agensi Tiktok entertainment Indonesia,Administrative & HR,msmagensitiktokentertainmentindonesia,"Job Title: Talent Scout/ Hunter
Company: MSM Agensi Tiktok entertainment Indonesia
Location: Pagedangan
Employment Type: FULL_TIME
Experience: 0-1 years
Education: HIGH_SCHOOL
Salary: IDR 2000000 - 5000000
Requirements: Recruitment, Google Docs, Google Sheets
Responsibilities: Deskripsi pekerjaan Talent Scout/ Hunter MSM Agensi Tiktok entertainment Indonesia Talent Scout / Talent Acquisition (TikTok Live Agency) Kualifikasi: 1.​Perempuan Usia 19-25 2. Domisili BSD dan sekitarnya 3.Terbuka untuk lulusan apa saja, diutamakan yang punya pengalaman Sales, Telemarketing, atau Customer Service 4.​Target-oriented, komunikatif, dan tidak malu untuk menghubungi calon host lewat DM/Live Streaming/WhatsApp ​Tanggung Jawab: ​1.Mencari, menghubungi, dan Mengajak content creator atau calon host potensial secara proaktif untuk bergabung dengan agensi TikTok kami. ​2.Melakukan negosiasi dan menjelaskan sistem bagi hasil/keuntungan bergabung dengan agensi. 3.​Mencapai target jumlah host aktif baru yang bergabung setiap bulannya. Jam Kerja: Senin-Jumat Pukul 13 - 21 Sabtu Pukul 13 - 18 Minggu Libur",,,,,PENDING,,,,,,,,,,,,,,,,,,,,,,
REAL-IDN-0018,Admin Sekolah,Salih Saliha Montessori,Administrative & HR,salihsalihamontessori,"Job Title: Admin Sekolah
Company: Salih Saliha Montessori
Location: Sepatan
Employment Type: FULL_TIME
Experience: 0-1 years
Education: DIPLOMA
Salary: IDR 1800000 - 2000000
Requirements: Google Drive, Microsoft Office, Canva Design
Responsibilities: Deskripsi pekerjaan Admin Sekolah Salih Saliha Montessori Tanggung Jawab Pekerjaan : Pengelolaan Dokumen dan Arsip Pengolahan Data Siswa dan Guru Memberikan pelayanan administrasi kepada siswa, guru, dan orang tua. Membantu perencanaan dan pelaksanaan kegiatan sekolah Kualifikasi : Muslimah, usia maksimal 30 tahun Diutamakan domisili Sepatan/Pasar Kemis/Rajeg dan sekitarnya Pendidikan D3/S1 Administrasi atau yang relevan Penampilan menarik, good attitude Dapat bekerja sama dengan team/individu Komunikatif, teliti, disiplin, jujur dan bertanggungjawab Mampu menggunakan Microsoft Office dan diutamakan yang mahir menggunakan aplikasi Canva Fresh Graduate/non pengalaman/pengalaman Bersedia bekerja secepatnya Tambahan Benefit : Uang THR, bonus kinerja dan uang lembur jika lembur",,,,,PENDING,,,,,,,,,,,,,,,,,,,,,,
REAL-IDN-0049,Sekretaris,Magna Education,Administrative & HR,magnaeducation,"Job Title: Sekretaris
Company: Magna Education
Location: Tebet
Employment Type: FULL_TIME
Experience: 1-3 years
Education: BACHELOR_DEGREE
Salary: IDR 6000000 - 7000000
Requirements: Organizational Skills, Google Sheets, Secretarial Skills, Microsoft Office, Administration, Communication Skills
Responsibilities: Deskripsi pekerjaan Sekretaris Magna Education Job Description : Support the Board of Directors in corporate governance and strategic decision-making. Drive business development initiatives and identify new partnership opportunities. Ensure the company's legal compliance, licenses, permits, and corporate documentation are properly managed. Oversee and align human resource policies, organizational development, and workforce planning. Coordinate cross-functional projects and facilitate effective communication between departments. Lead strategic initiatives and monitor the execution of company objectives. Prepare executive reports, meeting documentation, and presentations for management and stakeholders. Build and maintain relationships with external stakeholders, government institutions, and business partners. Qualifications : Bachelor's degree in Law, Management, Business Administration, Human Resources, or a related field. Minimum 2 years of experience in Corporate Secretary, Business Development, Legal, HR, or other strategic roles. Strong knowledge of corporate governance, Indonesian legal compliance, and employment regulations. Demonstrated leadership experience with the ability to manage cross-functional teams and projects. Excellent communication, negotiation, and stakeholder management skills. Strong analytical thinking, problem-solving, and decision-making abilities. High integrity, professionalism, attention to detail, and ability to maintain confidentiality. Proficient in Microsoft Office and fluent in both Bahasa Indonesia and English.",,,,,PENDING,,,,,,,,,,,,,,,,,,,,,,
REAL-IDN-0064,Beauty Advisor,PT Multi Wangi Alami,Beauty & Personal Care,ptmultiwangialami,"Job Title: Beauty Advisor
Company: PT Multi Wangi Alami
Location: Gambir
Employment Type: FULL_TIME
Experience: 1-3 years
Education: HIGH_SCHOOL
Salary: IDR 5500000 - 5729876
Requirements: Selling, Store Sales, Teamwork, Store Display
Responsibilities: Deskripsi pekerjaan Beauty Advisor PT Multi Wangi Alami Kualifikasi: * Diutamakan memiliki pengalaman di bidang retail, beauty, skincare dan cosmetic. * Minimal 1 tahun sebagai Beauty Advisor menjadi nilai tambah. * Fresh graduate dipersilakan melamar apabila memiliki minat di bidang beauty dan service. * Memahami dasar produk beauty, skincare, atau cosmetic. * Memiliki kemampuan selling dan upselling. * Mampu bekerja dengan target penjualan. * Memiliki ketahanan kerja yang baik dalam lingkungan retail. Tugas dan Tanggung Jawab Pekerjaan: * Menyambut dan melayani pelanggan dengan ramah dan profesional. * Memberikan konsultasi dan rekomendasi produk sesuai kebutuhan pelanggan. * Menjaga hubungan baik dengan pelanggan untuk menciptakan customer loyalty. * Melakukan upselling dan cross-selling produk. * Aktif menawarkan promo, bundling, atau program perusahaan kepada pelanggan. * Memastikan stok produk di area display selalu tersedia dan tertata sesuai standar. * Membantu stock opname dan pengecekan expired date produk. * Mengikuti SOP operasional toko dan standar perusahaan.",,,,,PENDING,,,,,,,,,,,,,,,,,,,,,,
REAL-IDN-0090,Reflexology Therapist & Hair Staylist,Mata Mate Studio,Beauty & Personal Care,matamatestudio,"Job Title: Reflexology Therapist & Hair Staylist
Company: Mata Mate Studio
Location: Cilandak
Employment Type: FULL_TIME
Experience: 0-1 years
Education: HIGH_SCHOOL
Salary: IDR 2000000 - 3000000
Requirements: Hair Coloring, Haircut, Hairdressing Training, Spa & Massage, Hairstylist
Responsibilities: Deskripsi pekerjaan Reflexology Therapist & Hair Staylist Mata Mate Studio Mata Mate Studio adalah perusahaan yang berfokus pada keindahan dengan layanan pertama yang mengesankan di setiap detail. Kami terkenal dengan manikur gel yang terjangkau namun memiliki kualitas luar biasa. Dengan tagline ""FIRST POTRAIT ON A NAIL IN 🇮🇩"", kami ingin menciptakan pengalaman kecantikan yang unik dan inklusif bagi semua orang. Karena kami terus berkembang, kami mencari kandidat yang memiliki passion dan komitmen untuk memberikan layanan terbaik kepada pelanggan kami. Kami berharap Anda dapat bergabung dalam perjalanan kami menuju kesuksesan bersama. Sebagai Hair Stylist dan Reflexology Therapist & Hair Staylist, Anda akan bertanggung jawab atas merancang gaya rambut yang menarik dan memenuhi harapan pelanggan. Tugas utama Anda termasuk merawat rambut, melakukan potongan rambut, mewarnai rambut, serta memberikan pijatan refleksi untuk meningkatkan kenyamanan pelanggan. Anda akan berkesempatan bekerja dalam lingkungan yang mendukung inovasi dan kreativitas, dengan dukungan tim profesional yang siap membantu Anda berkembang. Untuk menjadi bagian dari tim kami, Anda harus memenuhi beberapa persyaratan berikut. Anda harus berjenis kelamin perempuan, memiliki pendidikan minimal SMA/SMK, dan memiliki keterampilan yang relevan seperti hairstylist, pelatihan hairdressing, spa & massage, potongan rambut, dan pemberian warna rambut. Kami mencari individu yang tidak hanya memiliki keterampilan teknis, tetapi juga memiliki dedikasi yang tinggi terhadap pelanggan dan kepuasan mereka. Bergabunglah dengan tim yang siap memberi Anda dukungan dan peluang perkembangan karier yang terus berkembang.",,,,,PENDING,,,,,,,,,,,,,,,,,,,,,,
REAL-IDN-0081,Kapster,Heriots Cut,Beauty & Personal Care,heriotscut,"Job Title: Kapster
Company: Heriots Cut
Location: Bululawang
Employment Type: FULL_TIME
Experience: 0-1 years
Education: PRIMARY_SCHOOL
Salary: IDR 50000 - 100000
Requirements: Hairdressing Training, Haircut, Hairstylist
Responsibilities: Deskripsi pekerjaan Kapster Heriots Cut Dicari Kapster Potong Rambut Pengalaman min 1 Tahun Komisi 50:50 + Uang Makan",,,,,PENDING,,,,,,,,,,,,,,,,,,,,,,
REAL-IDN-0096,TATTOO ARTIST / PIERCING,Queen Care,Beauty & Personal Care,queencare,"Job Title: TATTOO ARTIST / PIERCING
Company: Queen Care
Location: Kelapa Gading
Employment Type: FULL_TIME
Experience: 1-3 years
Education: HIGH_SCHOOL
Salary: IDR 1500000 - 2500000
Requirements: Communication Skills, Piercing, Tattoo
Responsibilities: Deskripsi pekerjaan TATTOO ARTIST / PIERCING Queen Care URGENTLY NEEDED Tattoo artist / Piercing Artist KUALIFIKASI 1. bisa melakukan tato / piercing / salah satunya 2. min. pengalaman 1th  3. lebih disukai jika wanita  4. mempunyai portofolio yang baik terkait tattoo & piercing Tidak ada batasan umur, tetapi harus berpengalaman.",,,,,PENDING,,,,,,,,,,,,,,,,,,,,,,
REAL-IDN-0068,Beauty Consultant,PT. Diyal Seni Surgika Estetika,Beauty & Personal Care,ptdiyalsenisurgikaestetika,"Job Title: Beauty Consultant
Company: PT. Diyal Seni Surgika Estetika
Location: Pondok Aren
Employment Type: FULL_TIME
Experience: 3-5 years
Education: HIGH_SCHOOL
Salary: IDR 6000000 - 7000000
Requirements: Customer Relationship Management, Customer Service, Sales and Marketing
Responsibilities: Deskripsi pekerjaan Beauty Consultant PT. Diyal Seni Surgika Estetika LOWONGAN KERJA – BEAUTY CONSULTANT (AESTHETIC / PLASTIC SURGERY CLINIC) KLINIK KECANTIKAN DAN PLASTIK SURGERY DI BINTARO TANGERANG SELATAN Kami adalah klinik kecantikan yang bergerak di bidang aesthetic & plastic surgery, dengan layanan premium dan teknologi terkini. Saat ini kami membuka kesempatan bagi Anda yang berpengalaman dan memiliki jaringan luas untuk bergabung bersama kami. Posisi:  Beauty Consultant Deskripsi Pekerjaan: Memberikan konsultasi kepada pasien terkait treatment aesthetic & plastic surgery Menganalisa kebutuhan dan merekomendasikan tindakan yang sesuai Melakukan follow up dan menjaga hubungan baik dengan pasien Mencapai target penjualan treatment dan tindakan Berkoordinasi dengan dokter dan tim medis terkait kebutuhan pasien Kualifikasi: Pengalaman minimal 2 tahun sebagai Beauty Consultant / Aesthetic Consultant Berpengalaman di klinik kecantikan / aesthetic / plastic surgery (WAJIB) Memiliki database / jaringan calon pasien aktif (nilai plus utama / diutamakan) Memiliki kemampuan komunikasi dan selling yang sangat baik Berorientasi pada target dan hasil Berpenampilan menarik dan profesional Benefit: Gaji pokok kompetitif Insentif penjualan (high commission) Bonus berdasarkan performa Lingkungan kerja profesional & eksklusif Catatan Penting: Kami mencari kandidat yang tidak hanya mampu menjual, tetapi juga memiliki relasi / database pasien yang dapat dikembangkan menjadi potensi revenue bagi klinik.",,,,,PENDING,,,,,,,,,,,,,,,,,,,,,,
REAL-IDN-0099,Senior Hair Stylist,Trianibeautysalon,Beauty & Personal Care,trianibeautysalon,"Job Title: Senior Hair Stylist
Company: Trianibeautysalon
Location: Abiansemal
Employment Type: CONTRACT
Experience: 0-1 years
Education: SECONDARY_SCHOOL
Salary: IDR 2000000 - 3000000
Requirements: Hair Coloring, Hairstylist, Hairdressing Training, Teamwork
Responsibilities: Deskripsi pekerjaan Senior Hair Stylist Trianibeautysalon Trianibeautysalon adalah salon kecantikan yang menawarkan pelayanan dengan jam kerja fleksibel dan tanpa tekanan. Dengan misi untuk memberikan pengalaman salon yang nyaman dan santai bagi setiap pelanggan, kami terus berusaha mempertahankan kualitas layanan yang terbaik. Karena terus berkembang, kami sedang mencari individu yang memiliki dedikasi tinggi dan semangat kerja yang positif untuk bergabung dengan tim kami di Abiansemal, Kabupaten Badung, Bali. Sebagai seorang Hair Stylist atau Senior Hair Stylist, Anda akan bertanggung jawab atas pemberian layanan penuh kepada pelanggan, termasuk pencukuran rambut, styling, dan pewarnaan rambut. Anda akan bekerja dalam lingkungan yang mendukung kolaborasi antar rekan kerja, serta mendapatkan kesempatan untuk berinteraksi langsung dengan pelanggan untuk memahami kebutuhan mereka. Pekerjaan ini memerlukan komitmen untuk memberikan layanan yang unggul dan profesional. Selain itu, Anda juga akan mendukung pertumbuhan dan perkembangan salon dengan berbagi ide-ide baru dan kreativitas. Untuk menjadi bagian dari tim kami, Anda harus memenuhi syarat berikut: Anda adalah perempuan, memiliki pendidikan minimal SMP, dan memiliki keterampilan dalam hairstylist, hairdressing training, teamwork, serta hair coloring. Kami menghargai bakat dan pengalaman Anda, tetapi lebih penting adalah sikap yang positif dan kemampuan untuk bekerja sama dalam tim. Jika Anda ingin menjadi bagian dari keluarga besar Trianibeautysalon, kami sangat mengharapkan Anda untuk mengajukan aplikasi segera.",,,,,PENDING,,,,,,,,,,,,,,,,,,,,,,
REAL-IDN-0114,editor konten creartor,PT SUCCES NEW STAR ECOMMERCE,Creative & Media,ptsuccesnewstarecommerce,"Job Title: editor konten creartor
Company: PT SUCCES NEW STAR ECOMMERCE
Location: Penjaringan
Employment Type: FULL_TIME
Experience: 1-3 years
Education: HIGH_SCHOOL
Salary: IDR 5000000 - 5500000
Requirements: Content Strategy, Content Editing, Content Operations, TikTok
Responsibilities: Deskripsi pekerjaan editor konten creartor PT SUCCES NEW STAR ECOMMERCE PT SUCCES NEW STAR ECOMMERCE membuka kesempatan bagi Anda yang kreatif dan up-to-date dengan tren digital untuk bergabung bersama tim kami!    Kami bergerak di bidang fashion wanita serta aksesori fashion pria dan wanita, dan sedang mencari talenta yang mampu menciptakan konten menarik serta mengoptimalkan judul produk/konten untuk meningkatkan performa di marketplace dan media sosial. Job desk: Mengedit video untuk konten TikTok, Instagram Reels, dan platform media sosial lainnya. Menambahkan efek, transisi, teks, musik, dan elemen visual yang menarik. Mengubah ide konten menjadi video yang engaging dan memiliki nilai jual. Mengikuti tren konten terbaru dan mengimplementasikannya ke dalam hasil editing. Kualifikasi: Menguasai CapCut, Adobe Premiere Pro, Final Cut Pro, atau software editing sejenis. Memahami tren konten media sosial, khususnya TikTok dan Instagram. Kreatif, memiliki sense visual yang baik, dan mampu bekerja sesuai deadline. Memiliki portofolio hasil editing video",,,,,PENDING,,,,,,,,,,,,,,,,,,,,,,
REAL-IDN-0140,Social Media Specialist,PT Optik Tunggal Sempurna,Creative & Media,ptoptiktunggalsempurna,"Job Title: Social Media Specialist
Company: PT Optik Tunggal Sempurna
Location: Sawah Besar
Employment Type: FULL_TIME
Experience: 1-3 years
Education: BACHELOR_DEGREE
Salary: IDR 4500000 - 5500000
Requirements: Google Analytics, Meta Ads, Google Ads, Instagram Marketing, Social Media, Content Marketing, Digital Marketing, TikTok Ads
Responsibilities: Deskripsi pekerjaan Social Media Specialist PT Optik Tunggal Sempurna Persyaratan: Pendidikan minimal S1 Komunikasi / Digital Marketing Pengalaman kerja di bagian Sosial Media min 1 tahun Menguasai foto, video editing dalam scope sosial media (Tiktok & Reels Ig) Menyukai dunia olahraga, terbiasa lari merupakan nilai plus Mampu bahasa Inggris lisan maupun tulisan Kreatif, terbiasa dengan dateline, mampu bekerja dibawah tekanan   Penempatan Jakarta Pusat Deskripsi pekerjaan: Membuat editorial plan sosial media/ pembuatan konten mandiri Membuat report sosial media, membuat artikel, direct konten Mengoperasikan WA Blast & Email Blast Menjalankan sosial media activity/ give away Memiliki Ide menarik dan tahu trend konten di sosial media",,,,,PENDING,,,,,,,,,,,,,,,,,,,,,,
REAL-IDN-0131,Short Video Editor,Brilliant Enterprise,Creative & Media,brilliantenterprise,"Job Title: Short Video Editor
Company: Brilliant Enterprise
Location: Cakung
Employment Type: PROJECT_BASED
Experience: 0-1 years
Education: HIGH_SCHOOL
Salary: IDR 3000000 - 4200000
Requirements: Adobe Premiere Pro, Capcut, Adobe Photoshop, Film & Video Production, Creative Thinking, Video Editing, Creative Design, Teamwork, Video Color Grading, Artificial Intelligence, Adobe After Effects, Image Editing
Responsibilities: Deskripsi pekerjaan Short Video Editor Brillkun Hiring Professional  Short-Form Video Editor Location:  Remote (WFH) About the Role: Brillkun is looking for a highly skilled and creative Short-Form Video Editor to join our team remotely. You will be responsible for editing and producing engaging, high-quality vertical videos optimized for YouTube Shorts, TikTok, and Instagram Reels for Brillkun Social Media. Key Responsibilities:   Edit dynamic, fast-paced short-form videos that capture attention. Incorporate engaging visual hooks, captions, motion graphics, and sound design to maximize viewer retention. Stay up-to-date with current trends, audio tracks, and platform algorithms across YouTube, TikTok, and Instagram. Manage multiple shorts video projects independently and consistently meet turnaround deadlines. Utilize AI tools to enhance workflow and efficiency in creating short-form content. Requirements:  Proven experience as a video editor with a strong portfolio specifically showcasing short-form content. Proficiency in professional editing software (e.g., Adobe Premiere Pro, After Effects, DaVinci Resolve, or CapCut). Excellent sense of pacing, visual storytelling, and platform-specific formatting. Reliable personal computer/editing setup and a high-speed internet connection for seamless remote work. Strong communication skills and the ability to work independently in a WFH environment. Must be willing to come to the office and assist as a cameraman when needed for certain productions.",,,,,PENDING,,,,,,,,,,,,,,,,,,,,,,
REAL-IDN-0146,Desainer Tekstil,Macherie Dressmaker,Creative & Media,macheriedressmaker,"Job Title: Desainer Tekstil
Company: Macherie Dressmaker
Location: Kembangan
Employment Type: FULL_TIME
Experience: 1-3 years
Education: DIPLOMA
Salary: IDR 5000000 - 7000000
Requirements: Product Development, Pattern Making, Adobe Illustrator, Fashion Design, Textile Design, Fashion Stylist, Market Trends, Pattern Design
Responsibilities: Deskripsi pekerjaan Desainer Tekstil Macherie Dressmaker Macherie Dressmaker adalah designer house yang berfokus pada custom dresses, bridal, dan evening wear dengan sentuhan feminin, elegant, dan detail craftsmanship yang kuat. Kami percaya bahwa setiap karya memiliki cerita, dan kami mencari textile designer yang mampu menerjemahkan emosi serta identitas brand ke dalam motif dan tekstur yang unik. Job Description Sebagai Textile Designer, kamu akan berperan dalam menciptakan desain textile eksklusif yang digunakan untuk koleksi couture dan custom dresses kami. Responsibilities - Membuat motif textile original sesuai arah creative collection - Mengembangkan pattern, embroidery concept, print, dan texture ideas - Berkolaborasi dengan fashion designer dan production team - Melakukan riset trend, warna, fabric, dan textile development - Menyiapkan design files untuk produksi - Memastikan hasil desain sesuai dengan identitas visual brand Qualifications - Minimal 1 tahun pengalaman sebagai Textile Designer / Surface Pattern Designer - Memahami textile pattern, motif repeat, placement design, dan fabric application - Menguasai Adobe Illustrator & Photoshop - Memiliki sense of fashion aesthetic yang feminin, elegant, dan modern - Kreatif, detail-oriented, dan mampu bekerja sesuai deadline - Memiliki portfolio textile/pattern design (WAJIB) Plus Points - Berpengalaman di bridal, couture, atau evening wear - Memahami embroidery/sequin/lace development - Bisa hand sketch menjadi nilai tambah",,,,,PENDING,,,,,,,,,,,,,,,,,,,,,,
REAL-IDN-0118,Copywriter Internship,Makers Institute,Creative & Media,makersinstitute,"Job Title: Copywriter Internship
Company: Makers Institute
Location: Cidadap
Employment Type: INTERNSHIP
Experience: 0-1 years
Education: DIPLOMA
Salary: IDR 600000 - 610000
Requirements: Marketing Communications, Content Writing, Copywriting, Copy Editing, Creative Writing, Proofreading, Content Editing
Responsibilities: Deskripsi pekerjaan Copywriter Internship Makers Institute  Tanggung Jawab:  Membuat, mengembangkan, dan mengedit konten penulisan untuk situs web perusahaan (halaman arahan, artikel blog, deskripsi produk, dll.) dengan bahasa yang persuasif dan berorientasi pada audiens. Berkolaborasi dengan tim Desain Grafis dan UI/UX untuk elemen situs web sederhana (tata letak, banner, infografis, ikon) guna memastikan antarmuka yang menarik dan ramah pengguna. Memproduksi konten kreatif untuk platform media sosial (caption, storytelling, slogan, salinan kampanye). Merencanakan dan melaksanakan kalender konten media sosial yang selaras dengan strategi pemasaran. Melakukan riset industri, pesaing, dan audiens untuk menghasilkan konten yang relevan dan menarik. Mengoptimalkan konten menggunakan prinsip SEO (untuk situs web) dan strategi keterlibatan (untuk media sosial). Berkolaborasi dengan desainer grafis dan pengembang untuk memastikan konsistensi branding di semua platform. Memantau dan menganalisis kinerja konten (jangkauan, keterlibatan, CTR) serta memberikan ide untuk perbaikan di masa depan. Kualifikasi: Mahasiswa tingkat akhir atau lulusan baru D3/S1 Komunikasi, Pemasaran, Jurnalistik, atau bidang terkait. Bersedia bekerja WFO di Bandung Menguasai alat desain seperti Canva, Adobe Spark, atau Capcut merupakan nilai tambah. Memahami platform media sosial utama (Instagram, Facebook, Twitter, dll.) dan tren konten. Mindset kreatif dengan minat dalam menghasilkan ide-ide segar untuk konten yang resonan dengan audiens. Keterampilan proofreading dan editing yang kuat untuk memastikan konten bebas dari kesalahan. Keterampilan copywriting dan latar belakang di bidang teknologi akan menjadi keunggulan yang kuat Harus melampirkan PORTFOLIO yang terbukti",,,,,PENDING,,,,,,,,,,,,,,,,,,,,,,
REAL-IDN-0149,Textile Designer,PT GREISY BERKAH KENCANA,Creative & Media,ptgreisyberkahkencana,"Job Title: Textile Designer
Company: PT GREISY BERKAH KENCANA
Location: Duren Sawit
Employment Type: FULL_TIME
Experience: 0-1 years
Education: DIPLOMA
Salary: IDR 4500000 - 7000000
Requirements: Pattern Design, Sewing, Textile Design, Textile Sampling
Responsibilities: Deskripsi pekerjaan Textile Designer PT GREISY BERKAH KENCANA Tanggung Jawab: 	•	Merancang motif tekstil sesuai konsep brand. 	•	Melakukan riset tren warna, pola, dan material tekstil. 	•	Membuat desain tekstil menggunakan software desain (Adobe Illustrator, Photoshop, dll). 	•	Menyesuaikan desain dengan teknik produksi. 	•	Menentukan colorway dan repeat pattern. 	•	Berkolaborasi dengan tim fashion design dan tim produksi. 	•	Melakukan sample review dan revisi desain. 	•	Memastikan kualitas desain sesuai standar brand dan kebutuhan pasar. 	•	Mengelola arsip desain dan dokumentasi. Qualifications: 	•	Pendidikan minimal D3/S1 Textile Design, Fashion Design, atau bidang terkait. 	•	Pengalaman sebagai textile designer. 	•	Menguasai desain motif dan color management. 	•	Memahami jenis kain, benang, dan proses produksi tekstil. 	•	Menguasai software desain (Adobe Illustrator, Photoshop, dll). 	•	Kreatif, detail-oriented, dan mengikuti perkembangan tren.",,,,,PENDING,,,,,,,,,,,,,,,,,,,,,,
REAL-IDN-0164,Desk Collection,PT Danamas Insan Kreasi Andalan (PT DIKA),Customer Service,ptdanamasinsankreasiandalanptdika,"Job Title: Desk Collection
Company: PT Danamas Insan Kreasi Andalan (PT DIKA)
Location: Serengan
Employment Type: CONTRACT
Experience: 0-1 years
Education: HIGH_SCHOOL
Salary: IDR 2600000 - 3000000
Requirements: Customer Support, Customer Service, Communication Skills
Responsibilities: Deskripsi pekerjaan Desk Collection PT Danamas Insan Kreasi Andalan (PT DIKA) Melakukan penagihan kepada nasabah melalui telepon, email, atau pesan teks Mengecek akun nasabah untuk mengidentifikasi hutang yang belum dibayarkan Menegosiasikan tenggat waktu pembayaran atau rencana pembayaran nasabah Memberikan informasi tentang cara membayar tagihan Membuat laporan kegiatan dan melaporkan secara berkala kepada Team Leader Mencatat percakapan atau informasi yang diberikan pelanggan saat melakukan panggilan telepon",,,,,PENDING,,,,,,,,,,,,,,,,,,,,,,
REAL-IDN-0190,Operational Support,Kebon Jeruk Sparepart,Customer Service,kebonjeruksparepart,"Job Title: Operational Support
Company: Kebon Jeruk Sparepart
Location: Pademangan
Employment Type: FULL_TIME
Experience: 0-1 years
Education: SECONDARY_SCHOOL
Salary: IDR 2000000 - 2500000
Requirements: Cekatan, Teamwork, Tepat Waktu
Responsibilities: Deskripsi pekerjaan Operational Support Kebon Jeruk Sparepart Lowongan Kerja: Operational Support (Retail Online) Kami adalah perusahaan yang bergerak di bidang retail online dan sedang mencari Office Support untuk membantu kelancaran operasional harian tim. Tanggung Jawab: Membantu aktivitas operasional sehari-hari Menjaga kerapihan dan keteraturan area kerja Membantu proses packing pesanan saat dibutuhkan Mendukung tim retail online dalam kegiatan administratif dan operasional Membantu pengecekan dan penataan barang Kualifikasi: Teliti, rapi, dan bertanggung jawab Mau belajar dan bisa bekerja dalam tim Siap bekerja secara fleksibel sesuai kebutuhan operasional Diutamakan yang memiliki pengalaman di bidang retail atau warehouse Catatan: Posisi ini membutuhkan inisiatif tinggi dan kesiapan untuk membantu berbagai kebutuhan operasional tim.",,,,,PENDING,,,,,,,,,,,,,,,,,,,,,,
REAL-IDN-0181,frontliner,CV PELANGI GLASS,Customer Service,cvpelangiglass,"Job Title: frontliner
Company: CV PELANGI GLASS
Location: Patikraja
Employment Type: FULL_TIME
Experience: 1-3 years
Education: DIPLOMA
Salary: IDR 1500000 - 2000000
Requirements: Communication Skills, Customer Support, Customer Service, Microsoft Office, Teamwork, Problem Solving
Responsibilities: Deskripsi pekerjaan frontliner CV PELANGI GLASS 🎯 Tugas & Tanggung Jawab: Menyambut dan melayani pelanggan dengan ramah dan profesional			 Memberikan informasi produk/jasa kepada pelanggan			 Menangani komplain dan menyampaikan ke pihak terkait			 Melakukan input data transaksi			 Menjaga kebersihan dan kerapian area frontliner			 Membantu tim administrasi atau operasional jika dibutuhkan",,,,,PENDING,,,,,,,,,,,,,,,,,,,,,,
REAL-IDN-0196,Head of Operations,PT. Casa Sehat Timothy,Customer Service,ptcasasehattimothy,"Job Title: Head of Operations
Company: PT. Casa Sehat Timothy
Location: Kemayoran
Employment Type: FULL_TIME
Experience: 3-5 years
Education: BACHELOR_DEGREE
Salary: IDR 10000000 - 12500000
Requirements: Operations Management, Performance Management, Complaints Handling, Data Analysis, Teamwork, Operational Strategy, Problem Solving, Project Management, Healthcare, Resource Allocation, Key Performance Indicators (KPI)
Responsibilities: Deskripsi pekerjaan Head of Operations PT. Casa Sehat Timothy Company Description Homecare by dr. Timothy Jusuf, based in Jakarta, offers trusted and personalized medical homecare services to patients since 2021. Specializing in services such as IV infusion therapy, vaccinations, lab tests, door-to-door medicine delivery, and physiotherapy, the company ensures professional care in the comfort of one’s home. Led by qualified doctors, including dr. Timothy Jusuf, the team is dedicated to providing accessible, compassionate, and high-quality healthcare. The company believes healthcare should be convenient and tailored to meet each patient’s specific needs. Role Description This is a full-time role for a Head of Operations. The Head of Operations will oversee the company’s daily operations, drive excellence in service delivery, develop and implement operational strategies, and ensure optimal resource allocation. This role includes analyzing operational data, managing budgets, leading teams, and fostering effective communication between cross-functional teams to achieve organizational goals. Qualifications - Proven expertise in Operations Management and resource optimization - Strong Analytical Skills with a focus on data-driven decision making - Experience in Team Management, including guiding, mentoring, and building team performance - Excellent Communication and interpersonal skills for effective collaboration and stakeholder engagement - Proficiency in Budgeting and financial planning - Proactive problem-solving abilities and a strong attention to detail - Experience in a healthcare or service-oriented industry is an advantage - Bachelor’s degree in Business Administration, Operations Management, or a related field",,,,,PENDING,,,,,,,,,,,,,,,,,,,,,,
REAL-IDN-0168,DESK COLLECTION,PT.UGBM,Customer Service,ptugbm,"Job Title: DESK COLLECTION
Company: PT.UGBM
Location: Tegal Selatan
Employment Type: FULL_TIME
Experience: 0-1 years
Education: DIPLOMA
Salary: IDR 3000000 - 5000000
Requirements: Communication Skills, Call Center, Customer Relationship Management, Problem Solving, Outbound Call, Customer Service
Responsibilities: Deskripsi pekerjaan DESK COLLECTION PT.UGBM Jobdesk Desk Collection 1. Memantau akun untuk mengidentifikasi hutang yang belum dibayar 2. Menyelidiki data historis untuk setiap utang atau tagihan 3. Menemukan dan hubungi klien untuk menanyakan tentang pembayaran mereka yang telah jatuh tempo 4. Mengambil tindakan untuk mendorong pembayaran utang tepat waktu 5. Memproses pembayaran dan pengembalian uang 6. Menyelesaikan masalah penagihan dan kredit pelanggan 7. Memperbarui catatan status akun dan upaya pengumpulan 8. Melaporkan aktivitas penagihan dan status piutang",,,,,PENDING,,,,,,,,,,,,,,,,,,,,,,
REAL-IDN-0199,Senior Hostess,PT. Riviera Hospitality Group,Customer Service,ptrivierahospitalitygroup,"Job Title: Senior Hostess
Company: PT. Riviera Hospitality Group
Location: Kuta
Employment Type: FULL_TIME
Experience: 1-3 years
Education: HIGH_SCHOOL
Salary: IDR 3900000 - 4000000
Requirements: Customer Service, Help Desk, Communication Skills, Problem Solving, Customer Relationship Management, Customer Support, Call Center
Responsibilities: Deskripsi pekerjaan Senior Hostess PT. Riviera Hospitality Group Senior Hostess Job Description: We are seeking a friendly and professional Senior Hostess to join our team at Riviera Group! As the first point of contact for our customers, you will play a crucial role in creating a welcoming atmosphere and ensuring an exceptional dining experience. Responsibilities: - Greet and seat guests promptly and courteously. - Manage the waitlist and reservations, ensuring a smooth flow of guests. - Answer questions about the menu and provide recommendations. - Collaborate with the service team to ensure customer satisfaction. - Keep the front area of the restaurant clean and organized. Qualifications: - Previous experience as a Hostess or in customer service is a plus. - Excellent communication skills and a positive attitude. - Ability to remain calm and efficient in a fast-paced environment. - Flexibility to work various shifts, including weekends and holidays.",,,,,PENDING,,,,,,,,,,,,,,,,,,,,,,
REAL-IDN-0214,Pengajar Calistung Senior,English trick,Education,englishtrick,"Job Title: Pengajar Calistung Senior
Company: English trick
Location: Gedangan
Employment Type: FULL_TIME
Experience: 1-3 years
Education: BACHELOR_DEGREE
Salary: IDR 2000000 - 2500000
Requirements: Communication Skills, perkembangan anak, Kreativitas
Responsibilities: Deskripsi pekerjaan Pengajar Calistung Senior English trick Job Descriptions Membuat perencanaan pembelajaran  Baca Tulis Hitung Memberikan aktivitas pelajaran dan penilaian kepada siswa Membuat laporan nilai dan perkembangan siswa Mengikuti kegiatan akademik maupun non akademik yang diadakan oleh sekolah Bertanggung jawab atas pemenuhan pengajaran dan pendidikan yang diberikan kepada siswa Job Requirements Minimal S1 Pendidikan Guru, diutamakan S1 Psikologi & S1 pendidikan PAUD Diutamakan memiliki pemahaman mengenai montessori Pengalaman minimal 1 tahun mengajar Bimba/TK/PAUD Memiliki keterampilan komunikasi, menulis, kreativitas Memiliki passion dan kecintaan terhadap anak",,,,,PENDING,,,,,,,,,,,,,,,,,,,,,,
REAL-IDN-0240,Tentor Fisika,Glow Math Course,Education,glowmathcourse,"Job Title: Tentor Fisika
Company: Glow Math Course
Location: Sidorejo
Employment Type: PART_TIME
Experience: 0-1 years
Education: BACHELOR_DEGREE
Salary: IDR 1000000 - 3000000
Requirements: Positive Attitude, Teaching Vocational School, Teaching, Teaching High School Science, Teaching Junior High School, Physics, Responsible, Communicative
Responsibilities: Deskripsi pekerjaan Tentor Fisika Glow Math Course Pria/Wanita usia maksimal 30 tahun. Pendidikan S1/Mahasiswa minimal semester 6 (jurusan linear). Domisili Salatiga dan sekitarnya. Bersedia mengajar secara fulltime. Sabar, jujur, disiplin, dan bertanggung jawab. Memiliki pengalaman lebih diutamakan.",,,,,PENDING,,,,,,,,,,,,,,,,,,,,,,
REAL-IDN-0231,Guru Matematika,Kumon Jatibening Raya,Education,kumonjatibeningraya,"Job Title: Guru Matematika
Company: Kumon Jatibening Raya
Location: Pondok Gede
Employment Type: FULL_TIME
Experience: 1-3 years
Education: BACHELOR_DEGREE
Salary: IDR 3000000 - 4000000
Requirements: Communication Skills, Teaching, Classroom Management
Responsibilities: Deskripsi pekerjaan Guru Matematika Kumon Jatibening Raya 1. Mampu berkomunikasi dengan baik kepada siswa dan orang tua 2. Mampu membimbing siswa sesuai dengan materi yg dipelajari 3. Jujur dan Bertanggung jawab",,,,,PENDING,,,,,,,,,,,,,,,,,,,,,,
REAL-IDN-0246,Guru Les Privat Calistung Bilingual,Nalom Edu,Education,nalomedu,"Job Title: Guru Les Privat Calistung Bilingual
Company: Nalom Edu
Location: Serpong
Employment Type: PROJECT_BASED
Experience: 1-3 years
Education: BACHELOR_DEGREE
Salary: IDR 1000000 - None
Requirements: Microsoft Office, Teaching Kindergarten School, Teaching, Communication Skills, Preschool Education, Language Teaching, English Language, Lesson Planning
Responsibilities: Deskripsi pekerjaan Guru Les Privat Calistung Bilingual Nalom Edu Tutor Calistung Bilingual Siswa: Laki-laki (5 tahun) Lokasi: The Zora BSD Jadwal: Selasa & Jumat (10.00 WIB) Fee: Rp100k / sesi Kualifikasi: Tutor berpengalaman mengajar calistung bilingual Menguasai metode  phonics  dan memiliki pengalaman mengajarkannya kepada anak usia dini Fasih dan aktif menggunakan Bahasa Inggris Kreatif, ekspresif, dan mampu membuat kelas interaktif Sabar, telaten, dan menyukai anak-anak Komunikatif dan bertanggung jawab Berdomisili maksimal 30 menit dari lokasi siswa",,,,,PENDING,,,,,,,,,,,,,,,,,,,,,,
REAL-IDN-0218,English Trainer / English Teacher,Active English Bali,Education,activeenglishbali,"Job Title: English Trainer / English Teacher
Company: Active English Bali
Location: Denpasar Selatan
Employment Type: PART_TIME
Experience: 1-3 years
Education: BACHELOR_DEGREE
Salary: IDR 2000000 - 3000000
Requirements: Classroom Management, Lesson Planning, TOEFL, English Language, Language Teaching, Microsoft Office, IELTS, Teamwork, Teaching, Communication Skills
Responsibilities: Deskripsi pekerjaan English Trainer / English Teacher Active English Bali We’re Hiring:  Part-Time English Trainer/Teacher (Hybrid Role – Bali) Location:  Denpasar, Badung, Gianyar About Us Active English Bali is a vibrant English language school dedicated to making learning interactive, personal, and effective. With small class sizes and dynamic teaching methods, we offer a wide range of programs – from general and conversational English to business, hospitality, ESP, and exam preparation – for both local and international learners. The Role We’re looking for a passionate, professional, and adaptable English teacher to join our team in a part-time hybrid position. You’ll be teaching both in-person and online across different levels, designing engaging lessons, tracking student progress, and fostering a supportive and motivating classroom environment. You’ll also collaborate with a friendly team and take part in ongoing training and professional development. What You’ll Do Create interactive, goal-focused lesson plans Conduct assessments and prepare class reports Monitor student performance and provide constructive feedback Teach English to learners of all ages and levels (in-person and online) Participate in training sessions and complete administrative duties such as attendance records, lesson reports, student assessments, and timely communication with the academic team What We’re Looking For Fluent in English (minimum C1 level) At least one year of teaching experience Comfortable teaching both kids and adults Bachelor’s degree (English major preferred) Based in Bali (Denpasar, Badung, or Gianyar) Communicative and empathetic when working with students and colleagues A lifelong learner who embraces challenges with a solution-oriented mindset",,,,,PENDING,,,,,,,,,,,,,,,,,,,,,,
REAL-IDN-0249,HOLIDAY ENGLISH TUTOR PARE,Guru Bahasa,Education,gurubahasa,"Job Title: HOLIDAY ENGLISH TUTOR PARE
Company: Guru Bahasa
Location: Pare
Employment Type: FULL_TIME
Experience: 1-3 years
Education: BACHELOR_DEGREE
Salary: IDR 1382500 - 2073750
Requirements: Classroom Management, Teaching, Communication Skills
Responsibilities: Deskripsi pekerjaan HOLIDAY ENGLISH TUTOR PARE Guru Bahasa 📢 WE’RE HIRING English Tutor for Holiday Program Juni–Juli 2026 🌟 Benefit: ✔ Main salary ✔ Teaching training ✔ Kesempatan menjadi full-time teacher ✔ Homestay & meal tersedia selama program 📍Penempatan: Pare 📅 Program berlangsung: 22 Juni – 11 Juli 2026 Yuk isi liburanmu dengan pengalaman seru, relasi baru, dan kegiatan yang bermanfaat ✨",,,,,PENDING,,,,,,,,,,,,,,,,,,,,,,
REAL-IDN-0264,Treasury Intern (For Subsidiary company),PT. Topindo Atlas Asia,Finance & Accounting,pttopindoatlasasia,"Job Title: Treasury Intern (For Subsidiary company)
Company: PT. Topindo Atlas Asia
Location: Kemayoran
Employment Type: INTERNSHIP
Experience: 0-1 years
Education: HIGH_SCHOOL
Salary: N/A
Requirements: Corporate Finance, Cashier, Accounting, Microsoft Excel
Responsibilities: Deskripsi pekerjaan Treasury Intern (For Subsidiary company) PT. Topindo Atlas Asia Job Description: 1. Mengelola kas kecil 2. Terima tukar faktur 3. Mencatat surat masuk dan keluar 4. Membuat permintaan barang 5. Membuat laporan setiap awal bulan  Kualifikasi: 1. Menguasai accounting 2. Rajin, bertanggung jawab, Jujur, dan Rapi 3. Menguasai Microsoft Excel 4. Bisa memberikan Surat Pengantar Magang dari Kampus 5. Bersedia ditempatkan di PT. Segitiga Delta Asia",,,,,PENDING,,,,,,,,,,,,,,,,,,,,,,
REAL-IDN-0290,Financial Advisor,PT PRUEmpire Investama,Finance & Accounting,ptpruempireinvestama,"Job Title: Financial Advisor
Company: PT PRUEmpire Investama
Location: Setiabudi
Employment Type: FULL_TIME
Experience: 1-3 years
Education: BACHELOR_DEGREE
Salary: N/A
Requirements: Financial Planning, Financial Analysis, Financial Consulting
Responsibilities: Deskripsi pekerjaan Financial Advisor PT PRUEmpire Investama PT PRUEmpire Investama adalah perusahaan yang berfokus pada pengembangan dan penjualan produk asuransi serta layanan keuangan yang komprehensif. Dengan visi untuk menjadi mitra terpercaya dalam memberikan perlindungan finansial bagi individu dan perusahaan, kami terus berusaha mencari profesional yang berbakat dan berdedikasi tinggi untuk bergabung dengan tim kami. Kami percaya bahwa Anda memiliki potensi dan dengan adanya tantangan baru yang muncul dalam industri keuangan, kami membutuhkan seorang Financial Advisor yang dapat membantu memperkuat posisi kami di pasar. Dengan menghadirkan solusi keuangan yang inovatif, kami berharap Anda dapat membawa pengalaman dan bakat Anda untuk mendukung pertumbuhan perusahaan. Sebagai Financial Advisor, Anda akan bertanggung jawab untuk merancang dan menyediakan solusi keuangan yang optimal bagi para Client. Tugas-tugas utama Anda termasuk melakukan analisis keuangan, memberikan konsultasi keuangan, serta merencanakan strategi keuangan yang sesuai dengan kebutuhan individu atau perusahaan. Anda juga dituntut menilai risiko keuangan, serta memberikan saran yang tepat guna untuk memastikan kestabilan keuangan jangka panjang bagi para Client.  Kualifikasi yang diperlukan untuk posisi ini meliputi pendidikan minimal S1 dan pengalaman kerja antara satu hingga tiga tahun di bidang keuangan atau asuransi. Keterampilan yang dibutuhkan mencakup analisa kebutuhan client dan konsultasi keuangan secara berkala. PT PRUEmpire Investama menawarkan kesempatan kerja yang fleksibel dengan sistem kerja hybrid, sehingga Anda dapat menyesuaikan dengan preferensi pribadi Anda. Kami mencari individu yang tidak hanya memiliki keterampilan teknis, tetapi juga memiliki sikap proaktif, komunikasi yang baik, dan konsisten. Serta memberikan peluang karier yang berkembang.",,,,,PENDING,,,,,,,,,,,,,,,,,,,,,,
REAL-IDN-0281,Bancassurance,Kencana Digital,Finance & Accounting,kencanadigital,"Job Title: Bancassurance
Company: Kencana Digital
Location: Tebet
Employment Type: FULL_TIME
Experience: 1-3 years
Education: HIGH_SCHOOL
Salary: IDR 1000000 - 1500000
Requirements: Financial Planning, Insurance Sales, Communication Skills, Financial Analysis, Financial Consulting
Responsibilities: Deskripsi pekerjaan Bancassurance Kencana Digital Kualifikasi: 1. Pria/Wanita 2. Mampu berkomunikasi interpersonal secara profesional 3. Memiliki pengalaman sales, retail, asuransi, customer service, account officer, dan bancassurance. Memiliki pengalaman (BAKTI BCA nilai plus) 4. Minimal pengalaman pendidikan SMA/K 5. Usia 23 - 40 tahun Benefit: 1. Gaji pokok  2. Intensif Kandidat terpilih akan dihubungi melalui WA",,,,,PENDING,,,,,,,,,,,,,,,,,,,,,,
REAL-IDN-0296,Finance Accounting Tax Supervisor,PT. TALAGA UNGGAS BAHAGIA,Finance & Accounting,pttalagaunggasbahagia,"Job Title: Finance Accounting Tax Supervisor
Company: PT. TALAGA UNGGAS BAHAGIA
Location: Coblong
Employment Type: FULL_TIME
Experience: 5-10 years
Education: BACHELOR_DEGREE
Salary: IDR 5000000 - 7000000
Requirements: Accounting, Tax Accounting, Tax Reporting, Tax Planning, Financial Analysis, Microsoft Excel
Responsibilities: Deskripsi pekerjaan Finance Accounting Tax Supervisor PT. TALAGA UNGGAS BAHAGIA Gambaran Umum Pekerjaan PT TALAGA UNGGAS BAHAGIA', perusahaan yang bergerak dalam industri peternakan ayam di Jawa Barat, mencari Supervisor Accounting & Tax yang berpengalaman untuk bergabung dengan tim kami. Dalam peran ini, Anda akan memegang tanggung jawab penting dalam memastikan pengelolaan keuangan dan perpajakan perusahaan berjalan dengan lancar dari kantor pusat di Bandung. Tanggung Jawab Utama Mengelola seluruh aktivitas akuntansi, termasuk laporan keuangan, pelaporan pajak, dan analisis data keuangan. Memastikan kepatuhan terhadap peraturan dan standar akuntansi yang berlaku. Mengembangkan dan menerapkan prosedur serta kebijakan keuangan perusahaan. Memberikan saran dan masukan untuk meningkatkan efisiensi dan efektivitas pengelolaan keuangan. Menyiapkan dan menyajikan laporan keuangan periodik untuk manajemen dan pemangku kepentingan. Keterampilan, Kualifikasi, dan Pengalaman yang Dibutuhkan Min Sarjana Akuntansi atau Keuangan dari universitas terkemuka. Berpengalaman minimal 5 tahun sebagai Supervisor Accounting & Tax atau posisi serupa di industri manufaktur atau peternakan. Berpengalaman minimal 2 tahun sebagai Supervisor Memahami dengan baik prinsip-prinsip akuntansi, pelaporan keuangan, dan perpajakan. Memahami peraturan dan perundang-undangan di bidang perpajakan PPh 21, 23, 25, 29 & PPN. Mampu bekerja dengan tim, berkoordinasi dengan berbagai departemen, dan memberikan presentasi yang efektif. Memiliki kemampuan analitis yang kuat dan ketelitian yang tinggi. Mahir dalam Microsoft Excel atau spreadsheet (pivot, lookup, dll) Mahir menggunakan sistem Mekari Jurnal menjadi nilai plus. Karakter Teliti & tegas (tidak kompromi dengan kesalahan angka) Punya leadership & sense of ownership tinggi Terbiasa dengan deadline & tekanan (closing + pajak) Mampu membangun sistem & memperbaiki proses Manfaat Utama Bekerja di PT TALAGA UNGGAS BAHAGIA' Gaji yang kompetitif sesuai dengan pengalaman dan prestasi. Tunjangan kesehatan, asuransi jiwa, dan program pensiun yang komprehensif. Kesempatan untuk mengembangkan karier melalui pelatihan dan program pengembangan karyawan. Lingkungan kerja yang dinamis dan inovatif, serta budaya perusahaan yang mendukung keseimbangan kehidupan-pekerjaan. Tentang PT TALAGA UNGGAS BAHAGIA' PT TALAGA UNGGAS BAHAGIA' adalah perusahaan peternakan ayam petelur di Jawa Barat. Kami berkomitmen untuk menyediakan produk telur berkualitas tinggi dan menjadi pemimpin dalam industri peternakan di Indonesia. Dengan pertumbuhan yang pesat dan didukung oleh tim yang berdedikasi, kami terus berinovasi untuk memenuhi kebutuhan pelanggan dan pasar yang dinamis. Tertarik bergabung dengan kami? Lamar sekarang untuk menjadi Supervisor Accounting & Tax di PT TALAGA UNGGAS BAHAGIA!",,,,,PENDING,,,,,,,,,,,,,,,,,,,,,,
REAL-IDN-0268,Senior Account Executive,PRIMA PANGAN JAYA,Finance & Accounting,primapanganjaya,"Job Title: Senior Account Executive
Company: PRIMA PANGAN JAYA
Location: Kuta Selatan
Employment Type: FULL_TIME
Experience: 1-3 years
Education: BACHELOR_DEGREE
Salary: IDR 4000000 - 6000000
Requirements: Accounting, Accounts Receivable and Payable Accounting, Tax Accounting
Responsibilities: Deskripsi pekerjaan Senior Account Executive PRIMA PANGAN JAYA 1. Menyusun Laporan 2. Control Cash Flow 3. Perpajakan 4. Analisa keuangan",,,,,PENDING,,,,,,,,,,,,,,,,,,,,,,
REAL-IDN-0299,Driver Online Langsung Kerja,PT Prima Sarijati Agung,Finance & Accounting,ptprimasarijatiagung,"Job Title: Driver Online Langsung Kerja
Company: PT Prima Sarijati Agung
Location: Rawalumbu
Employment Type: FULL_TIME
Experience: 0-50 years
Education: PRIMARY_SCHOOL
Salary: IDR 4000000 - 6000000
Requirements: Driving, Google Maps, Customer Service
Responsibilities: Deskripsi pekerjaan Driver Online Langsung Kerja PT Prima Sarijati Agung Tugas Driver Online : 1. Membawa customer dari titik penjemputan sampai ke titik tujuan. 2. Berkendara sesuai aturan lalu lintas. 3. Menjaga kondisi kendaraan agar tetap aman dan nyaman. 4. Memiliki SIM A atau B. 5. Memahami GPS, lokasi antar-jemput, dan peraturan mengemudi di jalan raya. 6. Mengenal rute-rute terbaik dan alternatif di area pengiriman untuk menghindari kemacetan. 7. Menggunakan perangkat GPS dan aplikasi navigasi untuk mencari rute terbaik dan memperkirakan waktu tiba.",,,,,PENDING,,,,,,,,,,,,,,,,,,,,,,
REAL-IDN-0314,Bidan,Val The Consultant,Healthcare,valtheconsultant,"Job Title: Bidan
Company: Val The Consultant
Location: Medan Selayang
Employment Type: FULL_TIME
Experience: 1-3 years
Education: DIPLOMA
Salary: IDR 2500000 - 3500000
Requirements: Teamwork, Communication Skills, Student Counseling, Teaching
Responsibilities: Deskripsi pekerjaan Bidan Val The Consultant Medan Val The Consultant membuka kesempatan bagi kandidat profesional untuk bergabung sebagai PDA / Staff Pengajar. Memiliki pengalaman di bidang pengajaran, pelatihan, atau pembinaan Asisten Rumah Tangga (ART), Suster Bayi, Nanny, Caregiver Lansia, atau tenaga domestik profesional lainnya. Memahami standar pelayanan, etika kerja, dan kompetensi yang dibutuhkan dalam profesi ART, Suste Bayi, dan Caregiver. Job Description: • Mengajar dan menyampaikan materi sesuai program yang telah ditetapkan. • Membimbing serta mendampingi peserta didik selama proses pembelajaran. • Menyusun dan mempersiapkan materi ajar, modul, serta evaluasi pembelajaran. • Melakukan penilaian dan monitoring perkembangan peserta didik. • Memberikan motivasi dan arahan untuk mendukung perkembangan akademik maupun karakter peserta didik. • Menjaga suasana belajar yang kondusif, disiplin, dan interaktif. • Berkoordinasi dengan tim dan manajemen dalam pelaksanaan kegiatan pendidikan. • Membuat laporan kegiatan dan perkembangan peserta didik secara berkala. • Menjalankan tugas administratif yang berkaitan dengan kegiatan pembelajaran. • Menjaga profesionalisme dan citra perusahaan selama bertugas. Kualifikasi: • Wanita. • Usia maksimal 40 tahun. • Pendidikan minimal D3 Kebidanan, atau Keperawatan. • Memiliki pengalaman mengajar menjadi nilai tambah. • Mampu bekerja sama dalam tim. • Sabar, tegas, komunikatif, dan memiliki kemampuan interpersonal yang baik. • Jujur, disiplin, dan bertanggung jawab. • Wajib bersedia tinggal di mess yang disediakan perusahaan . Benefit: • Gaji kompetitif. • Insentif menarik. • Lingkungan kerja profesional. • Kesempatan pengembangan diri dan karier. • Fasilitas mess untuk staff pengajar. Lokasi Penempatan: • Komplek Tasbih 2 XI No. 2A, Asam Kumbang, Kec. Medan Selayang, Kota Medan.",,,,,PENDING,,,,,,,,,,,,,,,,,,,,,,
REAL-IDN-0340,Tenaga Teknis Kefarmasiaan (TTK),Apotek K-24 Kemang Timur,Healthcare,apotekk24kemangtimur,"Job Title: Tenaga Teknis Kefarmasiaan (TTK)
Company: Apotek K-24 Kemang Timur
Location: Mampang Prapatan
Employment Type: FULL_TIME
Experience: 1-3 years
Education: DIPLOMA
Salary: IDR 8000000 - None
Requirements: Communication Skills, Strttk Aktif, Pharmacy, Teamwork, Pharmacy Management
Responsibilities: Deskripsi pekerjaan Tenaga Teknis Kefarmasiaan (TTK) Apotek K-24 Kemang Timur ✅ D3 Farmasi ✅ STRTTK aktif ✅ Komunikatif ✅ Bersedia shift",,,,,PENDING,,,,,,,,,,,,,,,,,,,,,,
REAL-IDN-0331,Health Safety Environment (HSE),PT Trasfello Bangun Teknika,Healthcare,pttrasfellobangunteknika,"Job Title: Health Safety Environment (HSE)
Company: PT Trasfello Bangun Teknika
Location: Cilandak
Employment Type: FULL_TIME
Experience: 3-5 years
Education: DIPLOMA
Salary: IDR 5500000 - 7000000
Requirements: Construction Safety, SMK3, Safety Management Systems, JSA, ISO 45001, General K3
Responsibilities: Deskripsi pekerjaan Health Safety Environment (HSE) PT Trasfello Bangun Teknika PT TRASFELLO BANGUN TEKNIKA ARE HIRING !!! HSE (HEALTH, SAFETY, ENVIRONMENT) Job Desc: Memastikan sistem dan ketentuan HSE sesuai dengan hukum dan peraturan yang berlaku serta persyaratan lainnya Membuat prosedur HSE dan membuat pelatihan HSE Melakukan inspeksi rutin di Head Office dan di Site Berkoordinasi lintas departemen untuk penerapan standar HSE Menyusun laporan bulanan HSE Memastikan seluruh peralatan keselamatan dalam kondisi siap pakai Menjalankan program-program HSE Berkoordinasi dengan instansi pemerintah maupun swasta yang terkait dengan tugas yang dilaksanakan Requirement: Pendidikan Min. D3 Teknik Lingkungan, Teknik Industri atau Kesehatan Masyarakat atau jurusan terkait Pengalaman min. 3 tahun sebagai HSE Certified Ahli K3 Umum Memahami SMK3, Regulasi K3 dan Lingkungan Memahami SMK3, ISO 45001 Mampu menerapkan HIRADC dan JSA (Job Safety Analysis) Bersedia bergabung secepatnya (ASAP) Notes: Penempatan di Head Office",,,,,PENDING,,,,,,,,,,,,,,,,,,,,,,
REAL-IDN-0346,Asisten Tenaga Farmasi Apotek,Apotek La Finia Farma Depok,Healthcare,apoteklafiniafarmadepok,"Job Title: Asisten Tenaga Farmasi Apotek
Company: Apotek La Finia Farma Depok
Location: Limo
Employment Type: FULL_TIME
Experience: 1-3 years
Education: HIGH_SCHOOL
Salary: IDR 1000000 - 3000000
Requirements: Pharmacy, Microsoft Excel, Customer Service
Responsibilities: Deskripsi pekerjaan Asisten Tenaga Farmasi Apotek Apotek La Finia Farma Depok Deskripsi Kerja: Pelayanan obat pasien Pelayanan Resep  Administrasi kasir Frontliner",,,,,PENDING,,,,,,,,,,,,,,,,,,,,,,
REAL-IDN-0318,Bidan,PMB Bidan Apin Bedahan,Healthcare,pmbbidanapinbedahan,"Job Title: Bidan
Company: PMB Bidan Apin Bedahan
Location: Sawangan
Employment Type: FULL_TIME
Experience: 1-3 years
Education: DIPLOMA
Salary: IDR 2500000 - 4000000
Requirements: Communication Skills, Teamwork, Customer Service, Nursing, Midwife, Medical Translation, Medical and Healthcare, Teaching, Healthcare
Responsibilities: Deskripsi pekerjaan Bidan PMB Bidan Apin Bedahan DIBUTUHKAN BIDAN SECEPATNYA.!!! PMB BIDAN APIN BEDAHAN, SAWANGAN, DEPOK SYARAT & KETENTUAN :  1. BIDAN 1 ORANG 2. MINIMAL PENDIDIKAN D3 KEBIDANAN  3. MEMILIKI STR  4. BERPENGALAMAN MIN 1 TAHUN 5. CEKATAN & TANGGAP  6. DISIPLIN, TELITI DAN MAU BELAJAR HAL BARU 8. BERSEDIA KONTRAK 1 TAHUN  9. JUJUR & AMANAH 10.  Usia 22-27 tahun FASILITAS :  1. GAJI POKOK 2. FEE PARTUS  3. FEE TINDAKAN & PERAWATAN LAINNYA 4. FEE PIJAT BAYI 5. FEE PIJAT OXITOCIN 6. FEE PIJAT NIFAS 7. MAKAN  8. WIFI  9. WAJIB MESH",,,,,PENDING,,,,,,,,,,,,,,,,,,,,,,
REAL-IDN-0349,Admin Farmasi,PT. Obat Inovasi Indonesia,Healthcare,ptobatinovasiindonesia,"Job Title: Admin Farmasi
Company: PT. Obat Inovasi Indonesia
Location: Ciputat Timur
Employment Type: INTERNSHIP
Experience: 0-1 years
Education: HIGH_SCHOOL
Salary: IDR 1000000 - 1100000
Requirements: Administration, Pharmacy Management, Pharmacy, Procurement, Microsoft Excel, Dispensing
Responsibilities: Deskripsi pekerjaan Admin Farmasi PT. Obat Inovasi Indonesia Kualifikasi: Lulusan SMK/D3/S1 Farmasi ( Fresh Graduate dipersilahkan melamar ) Memiliki kemampuan penggunaan Microsoft Excel ( Pivot, Hlookup, Vlookup ) Terbiasa mengerjakan data dalam jumlah yang banyak Teliti, bertanggung jawab pada pekerjaan, memiliki komitmen yang baik terhadap pekerjaan Berdomisili: Tangerang Selatan ( diutamakan )",,,,,PENDING,,,,,,,,,,,,,,,,,,,,,,
REAL-IDN-0364,Live Stream Host,FDW PTE. LTD.,Hospitality & Tourism,fdwpteltd,"Job Title: Live Stream Host
Company: FDW PTE. LTD.
Location: Kapanewon Depok
Employment Type: FULL_TIME
Experience: 1-3 years
Education: DIPLOMA
Salary: IDR 4000000 - 6000000
Requirements: Good English, Good Sales Record, Good Knowlege In Skin Care, Presentable
Responsibilities: Deskripsi pekerjaan Live Stream Host FDW PTE. LTD. We are a Singapore leading e-Commerce Company with operations in Singapore, Philippine, Taiwan, China and Malaysia. Now we are looking for a good live streamer to join us to sell skincare products to malaysia and Indonesia markets through Tiktok and Shopee Platforms.  It is work from Home, so you need to have a good internet connection, and an Iphone or similiar good handphone for livestream. We will give samples to you and give the live stream scripts to you.  For Good performing candidates, we will invite them to work in our Malaysia Office together with other live streamers if they wish to come.",,,,,PENDING,,,,,,,,,,,,,,,,,,,,,,
REAL-IDN-0390,Supervisor Floor,COFILAB,Hospitality & Tourism,cofilab,"Job Title: Supervisor Floor
Company: COFILAB
Location: Serpong
Employment Type: CONTRACT
Experience: 1-3 years
Education: HIGH_SCHOOL
Salary: IDR 5000000 - 8000000
Requirements: Leadership, Teamwork, Restaurant Management, Fast Food Restaurant Supervisor
Responsibilities: Deskripsi pekerjaan Supervisor Floor COFILAB Job Description : Memastikan operasional outlet berjalan lancar sesuai SOP perusahaan. Mengawasi aktivitas harian tim Floor Service, Pastry, Gelato, dan Hotpot. Memastikan kualitas pelayanan pelanggan sesuai standar perusahaan. Melakukan briefing, coaching, mentoring, dan evaluasi kinerja tim. Menangani complaint customer secara profesional dan cepat. Monitoring penjualan, stock, dan kebutuhan operasional. Membuat laporan operasional harian, mingguan, dan bulanan. Menjaga standar kebersihan, food safety, hygiene, dan sanitasi. Qualifications : Minimal 2 tahun pengalaman sebagai Supervisor F&B. Berpengalaman di pastry, gelato, cafe, restaurant atau hotpot menjadi nilai tambah. Memiliki kemampuan leadership, decision making, problem solving, mentoring, dan communication yang baik. Memahami inventory control dan operasional outlet. Mampu bekerja dibawah tekanan. Basic Requirement Good Attitude Honest Responsible Hard Worker Willing to Learn Well Groomed Customer Oriented Discipline KPI Customer Satisfaction Sales Achievement Inventory Accuracy Food Quality Compliance Team Productivity",,,,,PENDING,,,,,,,,,,,,,,,,,,,,,,
REAL-IDN-0381,Facility Coordinator,Aden Services - Indonesia,Hospitality & Tourism,adenservicesindonesia,"Job Title: Facility Coordinator
Company: Aden Services - Indonesia
Location: Pasar Minggu
Employment Type: FULL_TIME
Experience: 3-5 years
Education: HIGH_SCHOOL
Salary: N/A
Requirements: Preventive Maintenance, Customer Service, Building Management, Cleaning Service
Responsibilities: Deskripsi pekerjaan Facility Coordinator Aden Services - Indonesia PT. Andalan Duta Eka Nusantara, sebagai anak perusahaan dari Aden Services International, beroperasi di Indonesia dengan fokus pada manajemen kebersihan dan layanan katering untuk lokasi terpencil. Perusahaan ini terkenal karena komitmen yang kuat terhadap integritas dan pelayanan yang memadai. Kami mencari individu yang berbakat dan berpengalaman untuk mengisi posisi baru sebagai Facility Coordinator di kantor kami di Pasar Minggu, Jakarta Selatan. Dengan adanya posisi ini, kami berharap dapat meningkatkan kualitas layanan kesejahteraan serta pengelolaan fasilitas di area tersebut. Beberapa tanggung jawab utama yang akan diemban oleh posisi Facility Coordinator di Aden Services termasuk pengelolaan fasilitas kantor, menjaga kondisi fisik bangunan, melakukan perawatan preventif, serta memberikan layanan kebersihan yang optimal. Kandidat yang tertarik akan memiliki kesempatan untuk bekerja dalam lingkungan yang dinamis dan mendukung pertumbuhan karier. Selain itu, kandidat juga akan diberi peluang untuk memperluas wawasan mereka tentang manajemen properti dan layanan katering. Aden Services International menawarkan peluang bagi para kandidat dengan latar belakang pendidikan SMA/SMK dan pengalaman kerja antara 3 hingga 5 tahun. Posisi ini membutuhkan keterampilan yang meliputi pelayanan pelanggan, perawatan pencegahan, pengelolaan gedung, serta layanan kebersihan. Aden Services berusaha menciptakan lingkungan kerja yang inklusif dan menantang, di mana setiap anggota tim dapat berkembang sesuai potensi dan kemampuan mereka. Kami sangat menghargai keterbukaan dan kerja sama dalam tim, serta harapan bahwa kandidat yang dilibatkan akan membawa energi positif dan semangat profesionalisme ke dalam tim kami.",,,,,PENDING,,,,,,,,,,,,,,,,,,,,,,
REAL-IDN-0396,Waiter / Waitress,Boko Coffee,Hospitality & Tourism,bokocoffee,"Job Title: Waiter / Waitress
Company: Boko Coffee
Location: Cimenyan
Employment Type: FULL_TIME
Experience: 0-50 years
Education: HIGH_SCHOOL
Salary: IDR 100000 - 500000
Requirements: Public Speaking, Teamwork, Customer Service
Responsibilities: Deskripsi pekerjaan Waiter / Waitress Boko Coffee Diatas Kota Coffee adalah sebuah kafe yang dikenal dengan suasana yang nyaman dan pelayanan yang ramah. Kami berkomitmen untuk menyajikan kopi berkualitas tinggi serta pengalaman yang menyenangkan bagi setiap pelanggan. Saat ini, kami sedang mencari individu yang antusias dan bersemangat untuk bergabung dalam tim kami. Posisi ini sangat penting dalam menjaga kepuasan pelanggan dan memastikan operasional kafe berjalan lancar. Kami mencari seseorang yang memiliki jiwa pelayanan yang baik dan siap bekerja sama dengan tim untuk menciptakan lingkungan kerja yang positif. Sebagai Waiter / Waitress di Boko Coffee, Anda akan bertanggung jawab atas penerimaan tamu, pemesanan minuman dan makanan, penyajian pesanan dengan cepat dan akurat, serta menjaga kebersihan meja dan area kerja. Anda juga akan berperan dalam memberikan informasi mengenai produk kami kepada pelanggan dan menjawab pertanyaan mereka dengan ramah. Selain itu, Anda akan bekerja sama dengan rekan sejawat untuk memastikan pelayanan yang efisien dan memenuhi standar kualitas yang kami tetapkan. Kami mencari kandidat yang telah menyelesaikan pendidikan SMA/SMK atau sederajat. Kandidat harus memiliki kemampuan dalam pelayanan pelanggan, kemampuan bekerja dalam tim, serta kemampuan berbicara di depan umum. Jika Anda memiliki semangat untuk bekerja di bidang layanan dan ingin bergabung dengan tim yang dinamis, kami sangat menantikan kehadiran Anda. Pengalaman sebelumnya merupakan nilai tambah, namun kami terbuka terhadap kandidat yang memiliki motivasi kuat dan sikap positif.",,,,,PENDING,,,,,,,,,,,,,,,,,,,,,,
REAL-IDN-0368,Host live tiktok,Starlight Islands,Hospitality & Tourism,starlightislands,"Job Title: Host live tiktok
Company: Starlight Islands
Location: Lengkong
Employment Type: FULL_TIME
Experience: 0-1 years
Education: HIGH_SCHOOL
Salary: IDR 4000000 - 5000000
Requirements: Host, Talk Show Host, Radio Host
Responsibilities: Deskripsi pekerjaan Host live tiktok Starlight Islands Starlight Islands adalah perusahaan yang bergerak di bidang hiburan dan media digital yang berkomitmen untuk menciptakan konten berkualitas dan menarik bagi penggemar K-POP. Kami sedang mencari seorang Host Live TikTok yang energik dan penuh semangat untuk bergabung dengan tim kami. Posisi ini sangat cocok bagi mereka yang memiliki minat dalam dunia hiburan, ingin tampil di depan kamera, serta menyukai tantangan dalam berinteraksi langsung dengan audiens. Kami percaya bahwa setiap individu memiliki potensi luar biasa, dan kami siap memberikan kesempatan bagi Anda untuk berkembang bersama kami. Sebagai Host Live TikTok, Anda akan bertanggung jawab untuk melakukan live streaming secara rutin di media sosial sesuai jadwal yang telah ditentukan. Anda akan berinteraksi langsung dengan audiens selama durasi live yang mencapai 6 jam sehari, menjaga suasana yang menyenangkan dan membangun hubungan yang baik dengan penonton. Selain itu, Anda juga akan mengenakan cosplay K-POP sebagai bagian dari tampilan dan konsep live streaming yang kreatif. Tugas utama Anda adalah menciptakan konten yang menarik dan mempertahankan kehadiran yang aktif di platform TikTok. Kami mencari kandidat yang berusia 17-28 tahun, pria atau wanita yang tidak berhijab, dan memiliki pendidikan minimal SMA/SMK. Kandidat harus memiliki rasa percaya diri yang tinggi saat berada di depan kamera serta memiliki pengalaman atau minat dalam bidang host, seperti menjadi host acara talk show atau radio. Kemampuan komunikasi yang baik dan kemampuan untuk beradaptasi dengan situasi yang dinamis merupakan nilai tambah. Jika Anda memiliki semangat untuk tampil dan berbagi energi positif melalui live streaming, kami tunggu kehadiran Anda.",,,,,PENDING,,,,,,,,,,,,,,,,,,,,,,
REAL-IDN-0399,Cashier & Waiter/Waitress,Madame Tang,Hospitality & Tourism,madametang,"Job Title: Cashier & Waiter/Waitress
Company: Madame Tang
Location: Kebayoran Baru
Employment Type: FULL_TIME
Experience: 3-5 years
Education: HIGH_SCHOOL
Salary: IDR 2300000 - 3450000
Requirements: Customer Relations, Cashier, Customer Engagement, Cash Management, Teamwork, Customer Service, Communication Skills
Responsibilities: Deskripsi pekerjaan Cashier & Waiter/Waitress Madame Tang Job Descriptions Menyapa dan melayani pelanggan di kafe atau restoran Mengkonfirmasi item makanan sesuai dengan pesanan pelanggan Mengantar pesanan makanan ke meja pelanggan Mematuhi kebijakan, keamanan, dan kepuasan pelanggan Memberikan tagihan dan memproses pembayaran Job Requirements Pendidikan minimal SMA Pengalaman minimal 1 tahun di bidang yang sama Memiliki keterampilan pelayanan pelanggan Kejujuran dan kemampuan untuk menangani transaksi",,,,,PENDING,,,,,,,,,,,,,,,,,,,,,,
REAL-IDN-0414,Legal,PT Nusantara Cita Bersama,Legal & Compliance,ptnusantaracitabersama,"Job Title: Legal
Company: PT Nusantara Cita Bersama
Location: Serpong
Employment Type: FULL_TIME
Experience: 3-5 years
Education: BACHELOR_DEGREE
Salary: N/A
Requirements: Corporate Law, Labour Law, Legal Research
Responsibilities: Deskripsi pekerjaan Legal PT Nusantara Cita Bersama Minimal S1 Jurusan Hukum, Lebih dari 3 tahun pengalaman sebagai Legal Officer, Legal Counsel, atau posisi sejenis. Diutamakan memiliki pengalaman pada Perusahaan Fintech, Perbankan, Industri Jasa Keuangan, dan Perusahaan Teknologi Keuangan.  Tugas Legal Level Middle :  Bertanggung jawab dalam memberikan dukungan hukum kepada perusahaan melalui penyusunan, penelaahan, dan pengelolaan dokumen hukum, memastikan kepatuhan terhadap peraturan perundang-undangan yang berlaku, serta memberikan opini hukum untuk mendukung kegiatan operasional dan pengembangan bisnis perusahaan. Kompetensi:  1.	Pengelolaan Kontrak dan Dokumen Hukum 2.	Legal Advisory 3.	Kepatuhan Regulasi 4.	Pengelolaan Perizinan dan Corporate Legal 5.	Penanganan Sengketa Hukum 6.	Due Diligence dan Legal Review 7.	Legal Risk Management 8.	Legal Research",,,,,PENDING,,,,,,,,,,,,,,,,,,,,,,
REAL-IDN-0440,Staff Regulatory BPOM,PT. PUJI FOOD TECHNOLOGY INDONESIA,Legal & Compliance,ptpujifoodtechnologyindonesia,"Job Title: Staff Regulatory BPOM
Company: PT. PUJI FOOD TECHNOLOGY INDONESIA
Location: Tambora
Employment Type: FULL_TIME
Experience: 1-3 years
Education: BACHELOR_DEGREE
Salary: IDR 6000000 - 8000000
Requirements: License Management, Legal Compliance, Regulatory Compliance, Legal Drafting
Responsibilities: Deskripsi pekerjaan Staff Regulatory BPOM PT. PUJI FOOD TECHNOLOGY INDONESIA Staff Registrasi & Legal Food Industry Job Description : Mengurus dan memperpanjang perizinan BPOM, Halal, HAKI, dan SNI. Menyiapkan serta mengelola dokumen registrasi dan legalitas produk. Memastikan kepatuhan terhadap regulasi pangan, keamanan pangan, dan labeling produk. Berkoordinasi dengan instansi terkait, supplier, dan pihak ketiga dalam proses perizinan. Mendukung proses audit, inspeksi, serta menindaklanjuti temuan atau keluhan dari regulator. Memantau perkembangan regulasi yang berkaitan dengan industri makanan dan minuman. Kualifikasi :  Pendidikan minimal S1. Pengalaman minimal 3 tahun di bidang Registrasi, Regulatory Affairs, atau Legal pada perusahaan makanan dan minuman. Memahami proses BPOM, Sertifikasi Halal, SNI, dan HAKI. Menguasai Microsoft Office. Teliti, bertanggung jawab, memiliki integritas tinggi, serta mampu bekerja secara mandiri maupun dalam tim. Memiliki kemampuan komunikasi dan koordinasi yang baik.",,,,,PENDING,,,,,,,,,,,,,,,,,,,,,,
REAL-IDN-0431,Legal Staff,PT Garuda Mitra Sejati,Legal & Compliance,ptgarudamitrasejati,"Job Title: Legal Staff
Company: PT Garuda Mitra Sejati
Location: Kapanewon Sleman
Employment Type: CONTRACT
Experience: 1-3 years
Education: PROFESSIONAL_EDUCATION
Salary: IDR 3000000 - 3700000
Requirements: Legal Drafting, Legal Research, Legal Compliance
Responsibilities: Deskripsi pekerjaan Legal Staff PT Garuda Mitra Sejati Mengelola seluruh aspek legalitas dan perizinan perusahaan  Menyusun, meninjau, dan mengarsipkan dokumen hukum, seperti NDA (Non-Disclosure Agreement), legalitas perusahaan Memantau serta mengimplementasikan regulasi terbaru, misalnya RUPS Menangani proses hukum dan hubungan dengan pihak ketiga Mengetahui regulasi TKA Memberikan arahan serta supervisi kepada tim legal Berkoordinasi dengan departemen internal dan instansi eksternal Kualifikasi: S1 Hukum (sertifikat PKPA/Advokat menjadi nilai tambah) Pengalaman min. 2 tahun di bidang retail/properti Menguasai penyusunan dan analisis dokumen hukum serta perjanjian bisnis Komunikatif, analitis, teliti, dan berintegritas tinggi Mampu bekerja dengan tenggat waktu ketat, mandiri maupun dalam tim Bersedia ditempatkan di Sleman, Yogyakarta",,,,,PENDING,,,,,,,,,,,,,,,,,,,,,,
REAL-IDN-0446,Legal Perizinan Klinik Internship,PT IZINKU SOLUSIKU BERSAMA,Legal & Compliance,ptizinkusolusikubersama,"Job Title: Legal Perizinan Klinik Internship
Company: PT IZINKU SOLUSIKU BERSAMA
Location: Penjaringan
Employment Type: INTERNSHIP
Experience: 0-1 years
Education: BACHELOR_DEGREE
Salary: IDR 1000000 - 1500000
Requirements: Administrative Law, Legal Compliance, Law
Responsibilities: Deskripsi pekerjaan Legal Perizinan Klinik Internship PT IZINKU SOLUSIKU BERSAMA Kami membuka kesempatan magang bagi mahasiswa atau lulusan baru yang tertarik dengan dunia hukum dan perizinan klinik. Posisi ini akan memberikan pengalaman langsung dalam pengurusan dokumen legal dan perizinan operasional fasilitas pelayanan kesehatan. Tanggung Jawab pekerjaan : 1. Membantu tim legal dalam proses pengurusan izin operasional klinik (OSS, Dinkes, dan instansi terkait) 2. Mendukung pengumpulan dan peninjauan dokumen legal seperti NIB, SIP, SIPA, dan lainnya. 3. Melakukan pengecekan kesesuaian persyaratan administratif berdasarkan regulasi yang berlaku. 4. Membantu pencatatan, penyusunan laporan, dan dokumentasi legalitas klinik. 5. Melakukan riset dan monitoring regulasi terbaru seputar perizinan layanan kesehatan. 6. Berkoordinasi dengan instansi pemerintan dan internal tim bila diperlukan. Kualifikasi : 1. Mahasiswa tingkat akhir atau fresh graduate dari jurusan Hukum atau Administrasi Kesehatan. 2. Memahami dasar hukum dan regulasi perizinan usaha (khususnya bidang kesehatan). 3. Teliti, rapi, dan memiliki kemampuan administratif yang baik. 4. Komunikatif dan mampu bekerja dalam tim maupun secara mandiri. 5. Diutamakan memiliki ketertarikan di bidang legalisasi fasilitas kesehatan.",,,,,PENDING,,,,,,,,,,,,,,,,,,,,,,
REAL-IDN-0418,Sekretaris Legal,PT. HKS Fatech Indonesia,Legal & Compliance,pthksfatechindonesia,"Job Title: Sekretaris Legal
Company: PT. HKS Fatech Indonesia
Location: Menteng
Employment Type: INTERNSHIP
Experience: 0-1 years
Education: BACHELOR_DEGREE
Salary: IDR 2000000 - 4000000
Requirements: International Law, Contract Law, Administrative Law, Labour Law, Legal Research, Legal Compliance, Corporate Law, Legal, Contract Review, Criminal Law
Responsibilities: Deskripsi pekerjaan Sekretaris Legal PT. HKS Fatech Indonesia PT.HKS Fatech Indonesia Currently Hiring INTERNSHIP - LEGAL AND COMPANY SECRETARY (SHARIA). Kualifikasi : 1. Wanita/Pria 2. Min Lulusan S1 Hukum / Ekonomi Syariah atau Sedang Menjalani perkuliahan untuk magang. 3. Jujur dan bertanggung jawab 4. Mampu mengoperasikan komputer (Office, Outlook) 5. Berdomisili di Kota Jakarta Diutamakan Deskripsi Pekerjaan Magang : 1. Menyiapkan berkas 2. input data 3. Invoicing - Membuat Invoice, Menforward Invoice ke bagian Finance etc. 4. Membuat laporan bulanan 5. Melakukan akses data perseroan dan perizinan OSS, 6. Memastikan pekerjaan dapat diselesaikan sesuai dengan target waktu yang ditetapkan 7. Melakukan follow up terhadap rekanan kantor dan memastikan kerjasama dapat berjalan dengan lancar 8. Melakukan administrasi perkantoran dan melakukan penandatanganan pada saat akad. 9. Membina hubungan baik dengan klien dan partner Benefit : Fasilitas yang didapatkan 1. Uang Kompensasi. 2. Sertifikat/Surat Keterangan Magang Qualifications Experience as a legal secretary or assistant or Legal and Company Secretary. Bachelor's degree or Legal And Company Secretary Sharia certificate",,,,,PENDING,,,,,,,,,,,,,,,,,,,,,,
REAL-IDN-0449,Legal Consultant,Satu Solusi Consultancy,Legal & Compliance,satusolusiconsultancy,"Job Title: Legal Consultant
Company: Satu Solusi Consultancy
Location: Denpasar Selatan
Employment Type: FULL_TIME
Experience: 1-3 years
Education: BACHELOR_DEGREE
Salary: IDR 5000000 - 8000000
Requirements: Administrative Law, Legal Compliance, Government Relations, English Language, Law, Corporate Law
Responsibilities: Deskripsi pekerjaan Legal Consultant Satu Solusi Consultancy About Us SatuSolusi Consultancy guides businesses through every stage of their journey, offering a structured approach that minimizes risk and maximizes growth potential. Our Launch, Secure, and Scale framework provides a clear roadmap for businesses, whether they are entering Indonesia for the first time or expanding their operations.  Our Vision SatuSolusi’s Vision is to set a new standard of excellence for how professional services are provided to clients in Indonesia.  Our Mission SatuSolusi’s mission is to help our clients launch, secure and scale businesses in Indonesia Job Description Due Diligence & Compliance Conduct legal due diligence on land, properties, and business acquisitions. Review and assess regulatory risks for new and existing businesses. Ensure compliance with Indonesian business laws, including labor, corporate, tax, and industry-specific regulations. Coordinate LKPM (Investment Activity Report) preparation and submission to BKPM, ensuring clients meet periodic reporting obligations. Government Relations & Licensing Engage with government bodies (OSS, BKPM, BPOM, ATR/BPN, local zoning authorities) to secure permits, resolve disputes, and streamline approvals. Advocate and negotiate on behalf of clients to push back on excessive regulatory demands where necessary. Manage OSS licensing processes, including KBLI code selection and business legality. Client Coordination & Documentation Coordinate meetings and communications with clients to understand requirements, manage document requests, and ensure smooth progress on legal matters. Work closely with clients to collect necessary supporting documents and maintain complete, accurate client records. Provide proactive updates and advice to clients on the status of their cases, permits, and compliance matters. Permits & Regulatory Approvals Oversee the end-to-end process of building permits (IMB/PBG), BPOM product registrations, land zoning approvals, and other critical regulatory approvals. Collaborate with notaries, legal experts, and consultants to ensure seamless document processing and compliance with local regulations. Stay updated on changing regulations and industry trends to provide proactive guidance and strategic advice to clients. Legal & Contractual Advisory Draft and review contracts, business agreements, and regulatory documents. Provide legal opinions on corporate structuring, foreign investment laws, and operational compliance. Maintain accurate legal records and documentation for business clients. Requirements Bachelor’s degree in Law, fresh graduates with relevant internship experience are welcome. Strong understanding of Indonesian business regulations, OSS, BPOM, zoning, and building permits. Experience in property, real estate, F&B, or manufacturing industries is highly preferred. Proven ability to engage with government processes, challenge excessive regulations, and navigate bureaucratic systems. Excellent problem-solving skills and a proactive, solutions-oriented mindset. Strong legal drafting and research skills. Fluent in English and Bahasa Indonesia (spoken & written). Experience working with notaries and legal professionals in multiple regions of Indonesia (especially Bali).",,,,,PENDING,,,,,,,,,,,,,,,,,,,,,,
REAL-IDN-0464,Supervisor Gudang,PT KOPI EMAS INDONESIA,Logistics & Transportation,ptkopiemasindonesia,"Job Title: Supervisor Gudang
Company: PT KOPI EMAS INDONESIA
Location: Margadana
Employment Type: FULL_TIME
Experience: 5-10 years
Education: DIPLOMA
Salary: IDR 3000000 - 4500000
Requirements: Operations Management, Data Reporting, Leadership, Inventory Management, Decision Making, Stock Opname, Complaints Handling, Teamwork
Responsibilities: Deskripsi pekerjaan Supervisor Gudang PT KOPI EMAS INDONESIA PT KOPI EMAS INDONESIA adalah perusahaan yang bergerak di bidang kopi dan produk terkait, dengan fokus pada pengembangan dan distribusi produk berkualitas tinggi di seluruh Indonesia. Dengan kantor pusat di Margadana, Tegal, Jawa Tengah, kami terus berupaya untuk menjadi pionir dalam industri kopi lokal. Kami sedang mencari individu yang memiliki keterampilan dan pengalaman yang memadai untuk bergabung dengan tim kami sebagai Warehouse Coordinator dengan gelar Supervisor Gudang. Keberhasilan PT KOPI EMAS INDONESIA didasarkan pada kerja sama yang baik antara semua anggota tim, serta kemampuan untuk mengelola proses logistik secara efisien. Bergabunglah dengan kami dan bantu kami dalam memastikan proses distribusi kopi berkualitas terus berjalan lancar. Sebagai Warehouse Coordinator dengan gelar Supervisor Gudang, Anda akan bertanggung jawab atas pengelolaan gudang dan operasional logistik perusahaan. Beberapa tanggung jawab utama Anda termasuk merencanakan dan memantau pengadaan stok, melaporkan data inventaris secara berkala, memastikan pengelolaan stock opname dilakukan dengan akurat, serta mengelola tim untuk memastikan semua aktivitas di gudang berjalan dengan baik. Anda juga akan bekerja sama dengan tim produksi dan distribusi untuk memastikan kebutuhan logistik terpenuhi tepat waktu. Keterampilan seperti data reporting, teamwork, handling complaints, operations management, inventory management, leadership, stock opname, dan decision making akan menjadi keunggulan Anda dalam posisi ini. PT KOPI EMAS INDONESIA mencari kandidat yang telah menyelesaikan pendidikan sederajat diploma dan memiliki pengalaman kerja minimal 5 hingga 10 tahun di bidang yang relevan. Kandidat yang memenuhi syarat harus memiliki keterampilan seperti data reporting, teamwork, handling complaints, operations management, inventory management, leadership, stock opname, dan decision making. Kita menyadari bahwa setiap orang memiliki potensi yang berbeda, dan kami berharap Anda dapat membawa pengalaman dan keterampilan Anda untuk membantu kami mencapai tujuan bisnis kami. Bergabunglah bersama kami dan beri kesempatan kepada PT KOPI EMAS INDONESIA untuk menjadi tempat karier Anda berkembang.",,,,,PENDING,,,,,,,,,,,,,,,,,,,,,,
REAL-IDN-0490,helper,UD. Harapan Makmur Surabaya,Logistics & Transportation,udharapanmakmursurabaya,"Job Title: helper
Company: UD. Harapan Makmur Surabaya
Location: Mulyorejo
Employment Type: FULL_TIME
Experience: 0-50 years
Education: SECONDARY_SCHOOL
Salary: IDR 2000000 - 2200000
Requirements: Warehouse Management, Inventory Management, Stock Opname
Responsibilities: Deskripsi pekerjaan helper UD. Harapan Makmur Surabaya Helper Pengiriman dan Packing  UD. Harapan Makmur Surabaya (HMS) membuka lowongan kerja serabutan. Kami bergerak dibidang penjualan online dan distribusi sparepart motor. bagi anda yg memenuhi kualifikasi silahkan kirim CV. Wajib punya SIM C dan bisa mengendarai motor MANUAL. Terima kasih. JAM KERJA  SENIN-JUMAT : 8 pagi - 5 sore SABTU : 8 pagi - 5 sore MINGGU / TANGGAL MERAH : LIBUR JOBDESK:  - Menyiapkan pesanan toko offline/online. - Mengirim barang ke customer wilayah SURABAYA, GRESIK, SIDOARJO sesuai jadwal. - Menyusun barang datang ke gudang - Paking pesanan online sesuai standart perusahaan - Menjaga kebersihan gudang. TRANSPORTASI   atau pengiriman barang menggunakan motor kantor, bensin ditanggung kantor. Wilayah pengiriman Surabaya Gresik dan Sidoarjo.   Jika tertarik bisa langsung mendaftar bersama tim kami. terima kasih.",,,,,PENDING,,,,,,,,,,,,,,,,,,,,,,
REAL-IDN-0481,Finishing,CV. Nuansa Sukses Sejahtera,Logistics & Transportation,cvnuansasuksessejahtera,"Job Title: Finishing
Company: CV. Nuansa Sukses Sejahtera
Location: Sidorejo
Employment Type: FULL_TIME
Experience: 1-3 years
Education: HIGH_SCHOOL
Salary: IDR 1500000 - 2000000
Requirements: Store Operations, mengendarai mobil, Inventory Management, Logistics Management, Teamwork
Responsibilities: Deskripsi pekerjaan Finishing CV. Nuansa Sukses Sejahtera Tanggung Jawab Melakukan tugas-tugas Proses Finishing Percetakan Memproses dan mengelola packing pada barang yang akan dikirim Menyediakan dukungan administrasi untuk kegiatan operasional perusahaan khususnya terhadap barang yang akan dikirim Membantu dalam penjadwalan pengiriman dan berkoordinasi dengan tim produksi Membantu mengirim barang pesanan atau mengambil barang belanja jika diperlukan membantu bantuan umum lainnya sesuai kebutuhan Kualifikasi Minimal berpendidikan SMK dan sederajat  Memiliki pengalaman minimal 1 tahun dalam di bidang percetakan Wajib Memiliki SIM A dan sudah berpengalaman mengendarai kendaraan Roda 4 minimal 1 tahun Memiliki kemampuan komunikasi yang baik, baik secara lisan maupun tertulis Teliti, cekatan, dan mampu bekerja di bawah tekanan Berdedikasi, bertanggung jawab, dan berorientasi pada pelayanan",,,,,PENDING,,,,,,,,,,,,,,,,,,,,,,
REAL-IDN-0496,Warehouse Inventory Control,PT Bounty Segar Indonesia - Feedmill,Logistics & Transportation,ptbountysegarindonesiafeedmill,"Job Title: Warehouse Inventory Control
Company: PT Bounty Segar Indonesia - Feedmill
Location: Gantar
Employment Type: FULL_TIME
Experience: 0-1 years
Education: DIPLOMA
Salary: IDR 4000000 - 4500000
Requirements: Warehouse Management, Inventory Management, Attention to Detail, Communication Skills, Microsoft Office
Responsibilities: Deskripsi pekerjaan Warehouse Inventory Control PT Bounty Segar Indonesia - Feedmill - Freshgraduate Manajemen Logistik/Teknik Industri/Administrasi Bisnis. - Mengawasi penerimaan, penyimpanan, dan pengiriman barang. - Memperbarui dan memelihara sistem inventaris barang secara berkala. - Melakukan audit stok secara berkala untuk memastikan akurasi data. - Bekerja sama dengan tim gudang dan departemen lain untuk memastikan proses logistik berjalan lancar. - Mahir dalam menggunakan Microsoft Office, khususnya Excel. - Penempatan di Indramayu",,,,,PENDING,,,,,,,,,,,,,,,,,,,,,,
REAL-IDN-0468,Daily Worker Sorter,Perkebunan Hydroponik Batamindo PIK,Logistics & Transportation,perkebunanhydroponikbatamindopik,"Job Title: Daily Worker Sorter
Company: Perkebunan Hydroponik Batamindo PIK
Location: Kebon Jeruk
Employment Type: PROJECT_BASED
Experience: 0-1 years
Education: HIGH_SCHOOL
Salary: IDR 1000000 - 2000000
Requirements: Administrative Logistics, Logistic Regression, Logistics Management
Responsibilities: Deskripsi pekerjaan Daily Worker Sorter Perkebunan Hydroponik Batamindo PIK - Melakukan proses sortir paket berdasarkan tujuan pengiriman, wilayah, dan kode area secara akurat. - Memastikan paket yang masuk dan keluar sesuai dengan data manifest dan sistem operasional. - Membantu proses bongkar muat paket dari dan ke kendaraan operasional. - Melakukan pengecekan kondisi paket untuk memastikan tidak ada kerusakan atau ketidaksesuaian. - Menata paket di area gudang sesuai kategori dan tujuan pengiriman agar memudahkan proses distribusi. - Menjaga kebersihan, keamanan, dan kerapihan area kerja gudang. - Berkoordinasi dengan tim operasional dalam memastikan kelancaran proses penyortiran dan pengiriman paket. - Melaksanakan pekerjaan sesuai dengan standar operasional prosedur (SOP) perusahaan dan target waktu yang ditetapkan.",,,,,PENDING,,,,,,,,,,,,,,,,,,,,,,
REAL-IDN-0499,Kepala Gudang / Warehouse Manager,PT Pesona Ayu Asia,Logistics & Transportation,ptpesonaayuasia,"Job Title: Kepala Gudang / Warehouse Manager
Company: PT Pesona Ayu Asia
Location: Kembangan
Employment Type: FULL_TIME
Experience: 1-3 years
Education: HIGH_SCHOOL
Salary: IDR 4000000 - 5000000
Requirements: Store Operations, Logistics Management, Warehouse Management, Inventory Management, Stock Opname
Responsibilities: Deskripsi pekerjaan Kepala Gudang / Warehouse Manager PT Pesona Ayu Asia bertanggung jawab untuk mengepalai staff gudang, stock opname, cek kadaluarsa produk, mengatur posisi barang di gudang, memastikan stock real sesuai dengan sistem",,,,,PENDING,,,,,,,,,,,,,,,,,,,,,,
REAL-IDN-0514,Maintenance Gedung,Malinda Furniture Gallery,Manufacturing & Production,malindafurnituregallery,"Job Title: Maintenance Gedung
Company: Malinda Furniture Gallery
Location: Dukuh Pakis
Employment Type: FULL_TIME
Experience: 1-3 years
Education: HIGH_SCHOOL
Salary: IDR 4000000 - 4600000
Requirements: Preventive Maintenance, Maintenance Engineering, Electrical Maintenance
Responsibilities: Deskripsi pekerjaan Maintenance Gedung Malinda Furniture Gallery Kualifikasi : Pendidikan minimal SMK jurusan Teknik Listrik/ Teknik Elektro/ Teknik Sipil Pengalaman minimal 2 tahun sebagai Maintenance Gedung Memahami perawatan & perbaikan gedung, tindakan preventice dan cek secara berkala Memahami instalasi listrik 1 phase dan 3 phase Memahami maintenance terkait Sipil, elektrical, plumbing dan sistem pendingin Mampu bekerja secara multitasking, inisiatif dan komunikatif Mampu bekerja secara tim dan individu, jujur, disiplin dan tanggung jawab Bersedia mobile All Showroom Malinda Furniture Gallery HR Muhammad dan Galaxy Mall, Surabaya Deskripsi pekerjaan: Instalasi project berkaitan dengan listrik Preventive Maintenance, AC, Listrik, Panel, Pompa, Genset. Menangani trobleshooting dan melaporkan hasil dan kegiatan yang dikerjakan. Mencatat dan monitoring laporan KWH Gedung baik listrik dan air setiap hari Kontrol dan monitoring pemakaian listrik, air, AC stiap hari Perawatan gedung dan aset perusahaan. Update peralatan ataupun aset berupa maintenance gedung, bila ada yang rusak ataupun baru.",,,,,PENDING,,,,,,,,,,,,,,,,,,,,,,
REAL-IDN-0540,SPV Produksi,PT. Ummu Kuliner Nusantara,Manufacturing & Production,ptummukulinernusantara,"Job Title: SPV Produksi
Company: PT. Ummu Kuliner Nusantara
Location: Medan Selayang
Employment Type: FULL_TIME
Experience: 3-5 years
Education: DIPLOMA
Salary: IDR 1800000 - 2800000
Requirements: Kitchen Supporting Design, Hygiene Management, Cook
Responsibilities: Deskripsi pekerjaan SPV Produksi Risol Ummu - Pria/Wanita berusia minimal 25 tahun - Berpengalaman di dunia Produksi F&B minimal 3 tahun - Terbiasa bekerja cepat dan efisien - Bersedia kerja dengan sistem shift - Teliti, tangguh, dan mampu bekerja di bawah tekanan - Disiplin, jujur, bertanggung jawab, dan mampu bekerja dalam tim - Mampu memimpin tim dan mencapai target produksi Bergabunglah Bersama Tim Produksi Kami dan Wujudkan  Standar Kualitas Terbaik! Kami menawarkan: Lingkungan kerja profesional dan suportif Peluang pengembangan diri dan pelatihan rutin Jenjang karier bagi yang berprestasi Gaji kompetitif & tunjangan lainnya",,,,,PENDING,,,,,,,,,,,,,,,,,,,,,,
REAL-IDN-0531,Staf PPIC,jaya plastik,Manufacturing & Production,jayaplastik,"Job Title: Staf PPIC
Company: jaya plastik
Location: Penjaringan
Employment Type: FULL_TIME
Experience: 1-3 years
Education: HIGH_SCHOOL
Salary: IDR 4000000 - 6000000
Requirements: Lean Manufacturing, Process Improvement, Equipment Maintenance
Responsibilities: Deskripsi pekerjaan Staf PPIC jaya plastik Perusahaan Jaya Plastik adalah salah satu perusahaan terkemuka dalam industri plastik di Indonesia, yang berkomitmen untuk menghasilkan produk berkualitas tinggi dengan penggunaan teknologi canggih dan sumber daya manusia yang berdedikasi. Dengan semakin tumbuhnya permintaan pasar terhadap produk-produk plastik berkualitas, kami mencari individu yang siap untuk memainkan peran penting dalam proses produksi dan peningkatan efisiensi. Kami ingin mencari individu yang memiliki keterampilan teknis dan dedikasi yang luar biasa untuk membantu memajukan perusahaan ke arah yang lebih baik. Posisi Staf PPIC ini adalah peluang besar bagi mereka yang ingin bekerja di lingkungan yang dinamis dan penuh tantangan. Staf PPIC bertanggung jawab untuk mendukung operasional produksi di pabrik, memastikan bahwa semua proses berjalan dengan lancar sesuai standar yang ditetapkan. Beberapa tanggung jawab utama termasuk melaksanakan praktik manufaktur yang efisien, melakukan analisis proses untuk meningkatkan efisiensi produksi, serta merawat dan memelihara peralatan produksi agar tetap berfungsi optimal. Staf PPIC juga harus mampu bekerja sama dengan tim untuk memastikan target produksi tercapai dan kualitas produk yang dihasilkan memenuhi ekspektasi pelanggan. Untuk mengisi posisi Staf PPIC ini, kami mencari kandidat yang memiliki pendidikan minimal SMA/SMK dan pengalaman kerja antara 1 hingga 3 tahun di bidang manufaktur atau industri serupa. Kandidat ideal harus memiliki keterampilan dalam Lean Manufacturing, perbaikan proses, dan pemeliharaan peralatan. Kami memahami bahwa setiap individu memiliki potensi dan bakat unik, sehingga kami mendorong kandidat yang memiliki minat dan kemampuan untuk belajar dan berkembang dalam lingkungan kerja kami. Jika Anda memiliki dedikasi tinggi, keterampilan teknis yang sesuai, dan minat untuk berkontribusi pada perusahaan kami, kami mengundang Anda untuk mengajukan aplikasi.",,,,,PENDING,,,,,,,,,,,,,,,,,,,,,,
REAL-IDN-0546,Quality Assurance Lead,Bekerdja.id,Manufacturing & Production,bekerdjaid,"Job Title: Quality Assurance Lead
Company: Bekerdja.id
Location: Tebet
Employment Type: FULL_TIME
Experience: 5-10 years
Education: BACHELOR_DEGREE
Salary: IDR 10000000 - 13000000
Requirements: Automation Testing, Go / Golang, Leadership, QA Automation, Docker, Quality Assurance
Responsibilities: Deskripsi pekerjaan Quality Assurance Lead Bekerdja.id •QA Lead - Payment Gateway Own the quality strategy across our payment gateway products (web, mobile, API). Hands-on leadership role — you’ll still write Cypress tests, but you’re accountable for how the entire QA function approaches quality. Partner closely with Engineering, Product, and DevOps to ship reliable releases. What You’ll Do 	•	Define and own QA strategy, standards, and processes across web, mobile, and API 	•	Lead and mentor QA engineers; run 1-on-1s, performance reviews, hiring 	•	Architect and maintain the test automation framework (Cypress as core stack) 	•	Drive automation coverage and balance manual vs automated testing 	•	Establish bug triage, severity, and reporting via Jira 	•	Own release readiness: exit criteria, regression scope, production sign-off 	•	Partner with EMs, PMs, and Dev Leads on quality gates and risk assessment 	•	Define and report QA metrics (defect leakage, automation coverage, bug MTTR, escape rate) Must Have 	•	5+ years QA/QE, 1–2+ years in lead/senior role 	•	Strong manual and automated testing across web, mobile, API 	•	Hands-on Cypress (required); Postman/Newman a plus 	•	Solid grasp of CI/CD (Jenkins, GitHub Actions, GitLab CI) 	•	Experience with Jira for bug tracking & sprint management 	•	Track record mentoring QA engineers 	•	Strong English communication; agile/scrum environment 	•	Able to join immediately (preferred) Nice to Have 	•	Fintech/payments or regulated/high-availability domain experience 	•	Performance testing (JMeter, k6, Locust) and security testing basics • Docker/Kubernetes",,,,,PENDING,,,,,,,,,,,,,,,,,,,,,,
REAL-IDN-0518,engineering,Sun Rise House - Setiabudi,Manufacturing & Production,sunrisehousesetiabudi,"Job Title: engineering
Company: Sun Rise House - Setiabudi
Location: Palmerah
Employment Type: FULL_TIME
Experience: 1-3 years
Education: HIGH_SCHOOL
Salary: IDR 2880000 - 4320000
Requirements: Mechanical Maintenance, Maintenance Engineering, Equipment Maintenance, Electrical Maintenance, Preventive Maintenance
Responsibilities: Deskripsi pekerjaan engineering Sun Rise House - Setiabudi Pekerjaan sipil, pekerjaan listrik, pekerjaan pemipaan, dll",,,,,PENDING,,,,,,,,,,,,,,,,,,,,,,
REAL-IDN-0549,HSE Analyst,PT.ELCO PRIMA SEJAHTERA,Manufacturing & Production,ptelcoprimasejahtera,"Job Title: HSE Analyst
Company: PT.ELCO PRIMA SEJAHTERA
Location: Kota Baru
Employment Type: FULL_TIME
Experience: 3-5 years
Education: DIPLOMA
Salary: IDR 3000000 - 4250000
Requirements: Safety Awareness, Safety Management, Safety and Environment, Safety Inspection
Responsibilities: Deskripsi pekerjaan HSE Analyst PT.ELCO PRIMA SEJAHTERA 🚨 WE ARE HIRING – HSE ANALYST 🚨 PT Elco Prima Prabu membuka kesempatan bergabung untuk posisi HSE Analyst dengan tanggung jawab sebagai berikut: ✅ Melakukan dokumentasi pemeriksaan rutin harian, mingguan, dan bulanan terkait aspek HSSE. ✅ Mengoperasikan Fire Truck, Fire Jeep, Fire Pump, Foam Monitor, dan peralatan penanggulangan keadaan darurat maupun non-darurat. ✅ Melakukan pendataan dan pelaporan harian, bulanan, dan tahunan aspek HSSE. ✅ Melakukan dokumentasi kegiatan MWT, Safety Meeting, dan RTM di Jambi Field. ✅ Mengelola administrasi dan document control Sistem Manajemen HSSE (ISO Series, SUPREME, dan lainnya). ✅ Menyusun rekapitulasi dokumentasi hasil implementasi, monitoring, dan pengukuran kinerja SMHSSE. ✅ Memberikan support terhadap kebutuhan dokumen dan penunjang implementasi serta monitoring kinerja SMHSSE. ✅ Menyusun timeline kegiatan dengan tetap berkoordinasi dengan personil implementasi dan pengawas pekerjaan. ✅ Membantu pelaksanaan Audit Internal dan Eksternal terkait SMHSSE. ✅ Mengelola dan merekap tindak lanjut rekomendasi pelaksanaan SMHSSE. ✅ Melaksanakan fungsi HSSE sesuai arahan pengawas pekerjaan. ✅ bekerja 70% di Kantor dan 30% di lapangan 📌 Kualifikasi: • Perempuan, Pendidikan minimal D3 • Domisili Jambi • Pengalaman di bidang oil dan gas min 1 tahun • Memahami HSE Document Control • Usia maksimal 40 tahun per 31 Desember 2026 • Pengalaman minimal 3 tahun sebagai HSE • Mahir menggunakan perangkat komputer • Memiliki kemampuan editing foto/video menjadi nilai tambah • Melampirkan SKCK",,,,,PENDING,,,,,,,,,,,,,,,,,,,,,,
REAL-IDN-0564,Office Boy/Girl,PT BANK PEREKONOMIAN RAKYAT BUANA DANA MAKMUR,Other Services,ptbankperekonomianrakyatbuanadanamakmur,"Job Title: Office Boy/Girl
Company: PT BANK PEREKONOMIAN RAKYAT BUANA DANA MAKMUR
Location: Taman
Employment Type: FULL_TIME
Experience: 1-3 years
Education: HIGH_SCHOOL
Salary: IDR 1000000 - 2000000
Requirements: Office Cleaning, Factory Cleaning, Cleaning Service
Responsibilities: Deskripsi pekerjaan Office Boy/Girl PT BANK PEREKONOMIAN RAKYAT BUANA DANA MAKMUR A. Kebersihan & Kerapihan Kantor 1.	Membersihkan ruang kerja, ruang rapat, ruang pelayanan nasabah, dan area umum setiap hari. 2.	Membersihkan meja, kursi, peralatan kantor, kaca, pintu, dan fasilitas umum. 3.	Menjaga kebersihan toilet dan memastikan ketersediaan perlengkapannya. 4.	Mengelola pembuangan sampah secara rutin dan tertib. 5.	Memastikan area parkir dan halaman kantor dalam kondisi bersih dan rapi. B. Dukungan Operasional 6.	Menyediakan minuman untuk Direksi, tamu, dan karyawan sesuai kebutuhan. 7.	Membantu penggandaan dokumen (fotokopi/scan) sesuai permintaan unit kerja. 8.	Mengantar dan mengambil dokumen internal maupun eksternal (jika diperlukan). 9.	Membantu persiapan ruang rapat dan kegiatan internal kantor. C. Pemeliharaan Fasilitas 10.	Melaporkan kerusakan fasilitas kantor kepada atasan langsung. 11.	Membantu pengecekan rutin peralatan kantor sederhana (lampu, AC, dispenser, dll). 12.	Menjaga keamanan barang inventaris yang menjadi tanggung jawabnya. D. Kepatuhan & Etika Kerja 13.	Menjaga kerahasiaan dokumen dan informasi perusahaan. 14.	Berperilaku sopan dan profesional terhadap nasabah dan karyawan. 15.	Mematuhi peraturan perusahaan dan ketentuan tata tertib kerja.",,,,,PENDING,,,,,,,,,,,,,,,,,,,,,,
REAL-IDN-0590,Host Livestreaming,PT. Berkah Inovasi Globatama,Other Services,ptberkahinovasiglobatama,"Job Title: Host Livestreaming
Company: PT. Berkah Inovasi Globatama
Location: Jatisampurna
Employment Type: FULL_TIME
Experience: 1-3 years
Education: HIGH_SCHOOL
Salary: IDR 2800000 - 4200000
Requirements: Live Streaming, Communication Skills, Customer Service, TikTok
Responsibilities: Deskripsi pekerjaan Host Livestreaming PT. Berkah Inovasi Globatama Kualifikasi : - Memiliki pengalaman Host/Live - Percaya diri, bawel asik, nyambung sama audiens. - On time dan bisa diajak komitmen bareng - Punya vibes seru dan bisa membuat live rame",,,,,PENDING,,,,,,,,,,,,,,,,,,,,,,
REAL-IDN-0581,Personal Trainer,Jet Fitness,Other Services,jetfitness,"Job Title: Personal Trainer
Company: Jet Fitness
Location: Cilandak
Employment Type: FULL_TIME
Experience: 1-3 years
Education: HIGH_SCHOOL
Salary: IDR 500000 - 20000000
Requirements: Training, Administration, Teaching, Customer Service, Teamwork, Presentation Skills
Responsibilities: Deskripsi pekerjaan Personal Trainer Jet Fitness Pekerjaan sebagai personal trainer gym adalah profesi untuk membimbing, melatih, dan memberikan motivasi kepada klien untuk mencapai tujuan kebugaran mereka, seperti menurunkan berat badan atau membentuk otot. Tugas utamanya meliputi merancang program latihan dan nutrisi yang sesuai, mengoreksi teknik olahraga, memantau kemajuan klien, memberikan pertolongan pertama jika perlu, serta memberikan edukasi tentang gaya hidup sehat.  Tugas dan Tanggung Jawab: Merancang Program Latihan: Membuat rencana latihan yang disesuaikan dengan tujuan, kemampuan, dan kondisi fisik setiap klien.  Memberikan Bimbingan: Mengajari klien cara menggunakan peralatan gym dengan benar, memperbaiki postur, dan teknik olahraga untuk mencegah cedera.  Motivasi dan Dukungan: Memberikan dorongan mental dan dukungan agar klien tetap konsisten dengan program latihan mereka.  Pemantauan Kemajuan: Melacak dan mengevaluasi kemajuan klien untuk memastikan program berjalan efektif dan mencapai hasil yang diinginkan.  Edukasi Nutrisi: Memberikan saran tentang pola makan yang sesuai untuk mendukung program latihan dan tujuan kebugaran klien.  Pertolongan Pertama: Memberikan bantuan awal ketika klien mengalami cedera selama sesi latihan.  Promosi Gaya Hidup Sehat: Mengedukasi klien tentang pentingnya gaya hidup sehat secara keseluruhan.  Keterampilan dan Pengetahuan yang Dibutuhkan: Pengetahuan Anatomi dan Fisiologi: Memahami cara kerja tubuh untuk merancang latihan yang aman dan efektif.  Pengetahuan Nutrisi: Memahami prinsip-prinsip nutrisi untuk memberikan panduan makan yang tepat.  Keterampilan Komunikasi: Mampu menjelaskan latihan dan memberikan motivasi kepada klien.  Keterampilan Observasi: Mampu menilai kondisi fisik klien dan memantau postur mereka saat berlatih.  Pengetahuan Peralatan Gym: Memahami cara penggunaan dan fungsi berbagai peralatan kebugaran.",,,,,PENDING,,,,,,,,,,,,,,,,,,,,,,
REAL-IDN-0596,Model/Talent Content,Bwbyaz,Other Services,bwbyaz,"Job Title: Model/Talent Content
Company: Bwbyaz
Location: Serpong
Employment Type: FULL_TIME
Experience: 0-1 years
Education: HIGH_SCHOOL
Salary: N/A
Requirements: Beauty Model, Content Products, Fitting Model
Responsibilities: Deskripsi pekerjaan Model/Talent Content Bwbyaz Tanggung Jawab: Menjadi wajah brand BWBYAZ dalam berbagai kebutuhan konten (Foto, Video, Campaign, Katalog, TikTok, Reels, Live Shopping, dll). Berpartisipasi dalam  photoshoot ,  video shoot , dan  live session  sesuai kebutuhan tim. Menampilkan dan mempresentasikan produk  fashion  BWBYAZ secara menarik sesuai dengan arahan tim kreatif. Memberikan ide kreatif dalam pembuatan konten agar lebih  engaging  dan sesuai tren. Menjaga sikap profesional dan dapat bekerja sama dengan tim kreatif, marketing, dan konten. Kualifikasi : Perempuan, usia 17–28 tahun. Bersedia bekerja secara  on-site  di kantor. Percaya diri dan nyaman tampil di depan kamera (foto maupun video). Memiliki penampilan menarik, ekspresif, serta memahami  pose  &  angle  dasar. Diutamakan memiliki pengalaman sebagai model, content talent, atau host live shopping (dapat menjadi nilai lebih). Memiliki minat di bidang fashion, content creation, dan tren digital menjadi nilai tambah. Kreatif, komunikatif, disiplin, bertanggung jawab, dan mampu bekerja sama dengan tim maupun lintas divisi Bersedia melampirkan portofolio atau akun media sosial aktif sebagai bahan pertimbangan.",,,,,PENDING,,,,,,,,,,,,,,,,,,,,,,
REAL-IDN-0568,KOORDINATOR TRUCKING TRAILER PENGALAMAN,PT. Hersindo Logistic Indonesia,Other Services,pthersindologisticindonesia,"Job Title: KOORDINATOR TRUCKING TRAILER PENGALAMAN
Company: PT. Hersindo Logistic Indonesia
Location: Pabean Cantikan
Employment Type: FULL_TIME
Experience: 5-10 years
Education: BACHELOR_DEGREE
Salary: IDR 7000000 - 9000000
Requirements: Port Operations, Warehouse Management, Logistics Management, Shipping
Responsibilities: Deskripsi pekerjaan KOORDINATOR TRUCKING TRAILER PENGALAMAN PT. Hersindo Logistic Indonesia PT. Hersindo Logistic Indonesia adalah perusahaan freight forwarding yang berkembang pesat dan berdedikasi dalam melayani pengiriman FCL dan LCL ke seluruh Indonesia. Dengan komitmen untuk terus meningkatkan layanan dan memperluas jaringan distribusi, kami mencari individu yang berbakat dan berpengalaman untuk bergabung dengan tim kami di Pabean Cantikan, Surabaya, Jawa Timur. Keberhasilan perusahaan ini tergantung pada kemampuan tim untuk mengelola operasi logistik secara efisien dan efektif. Kami menawarkan kesempatan kerja yang menginspirasi bagi mereka yang ingin berkembang bersama kami dan berkontribusi pada pencapaian tujuan bisnis yang lebih besar. Sebagai Koordinator Trucking Trailer, Anda akan bertanggung jawab atas manajemen operasi logistik dan pengelolaan trailer truk. Tugas utama Anda termasuk koordinasi antara pelanggan, pihak ketiga, dan internal perusahaan untuk memastikan pengiriman yang lancar dan tepat waktu. Anda juga akan bertanggung jawab atas pengelolaan port operations, warehouse management, shipping, dan logistics management. Selain itu, Anda harus memiliki kemampuan untuk mengatasi tantangan logistik dengan cepat dan efisien serta memastikan semua proses berjalan sesuai dengan standar perusahaan. Kualifikasi yang dibutuhkan untuk posisi ini meliputi kandidat laki-laki dengan pendidikan minimal S1. Anda harus memiliki pengalaman kerja minimal 5 hingga 10 tahun di bidang logistik, port operations, warehouse management, dan shipping. Keahlian dalam manajemen logistik adalah syarat mutlak untuk posisi ini. Keterampilan lain yang sangat dihargai termasuk pengelolaan staf, pemecahan masalah, dan komunikasi efektif. PT. Hersindo Logistic Indonesia menghargai keterampilan dan pengalaman yang Anda bawa, namun kami juga membuka peluang bagi Anda yang ingin belajar dan berkembang di lingkungan kerja yang dinamis dan mendukung.",,,,,PENDING,,,,,,,,,,,,,,,,,,,,,,
REAL-IDN-0599,Ahli Gizi,Premium Property Management (PT Jekael Invesco),Other Services,premiumpropertymanagementptjekaelinvesco,"Job Title: Ahli Gizi
Company: Premium Property Management (PT Jekael Invesco)
Location: Megamendung
Employment Type: FULL_TIME
Experience: 0-1 years
Education: DIPLOMA
Salary: IDR 4000000 - 6000000
Requirements: Nutritionists, Food Nutrition, Nutrition Education
Responsibilities: Deskripsi pekerjaan Ahli Gizi Premium Property Management (PT Jekael Invesco) Premium Property Management (PT Jekael Invesco) adalah perusahaan manajemen properti dan bangunan yang berpengalaman dengan konsep Integrated Property Management. Dengan pengalaman yang mendalam, kami memastikan bahwa properti dan bangunan di bawah pengawasan kami selalu terjaga kualitasnya serta siap untuk digunakan dalam berbagai situasi. Kami berada di Megamendung, Kabupaten Bogor, Jawa Barat, dan terus berusaha mencari individu-individu yang memiliki dedikasi tinggi dan kemampuan unggul untuk membantu kami dalam menjaga properti dan bangunan di lingkungan kami tetap optimal. Keberhasilan kami sangat bergantung pada profesionalisme dan komitmen para anggota tim kami. Karena itu, kami membuka kesempatan bagi Anda yang ingin menjadi bagian dari tim kami. Ahli Gizi adalah posisi yang penting dalam tim kami. Posisi ini bertanggung jawab untuk memberikan rekomendasi nutrisi yang tepat untuk masyarakat yang tinggal di properti kami. Tugas utama Anda akan meliputi penilaian nutrisi individu, merancang program pangan yang seimbang, serta memberikan edukasi nutrisi kepada komunitas. Anda juga akan bekerja sama dengan tim manajemen properti untuk memastikan semua kebutuhan nutrisi di properti dapat terpenuhi sesuai standar yang telah ditetapkan. Dengan pengalaman dan dedikasi Anda, Anda akan membantu meningkatkan kualitas hidup masyarakat yang tinggal di properti kami. Untuk mengisi posisi ini, kami mencari kandidat yang memiliki kualifikasi pendidikan Diploma dengan fokus pada bidang Nutrisi. Kandidat ideal harus memiliki keahlian dalam bidang Food Nutrition, Nutritionists, dan Nutrition Education. Kita menghargai pengalaman dan dedikasi Anda dalam bidang ini, namun kami juga mengutamakan sikap positif dan kemampuan untuk bekerja dalam tim. Kami percaya bahwa dengan kerja sama yang baik antara semua anggota tim, kami dapat mencapai tujuan bersama dengan lebih baik lagi. Jika Anda tertarik untuk bergabung dengan tim kami, kami menantikan aplikasi Anda.",,,,,PENDING,,,,,,,,,,,,,,,,,,,,,,
REAL-IDN-0614,SALES MERCHANDISER BOGOR,PT Tong Tji Tea Indonesia,Retail,pttongtjiteaindonesia,"Job Title: SALES MERCHANDISER BOGOR
Company: PT Tong Tji Tea Indonesia
Location: Tanah Sareal
Employment Type: FULL_TIME
Experience: 0-1 years
Education: HIGH_SCHOOL
Salary: N/A
Requirements: Store Display, Store Operations, Sales Forecasting, Merchandising, Inventory Management
Responsibilities: Deskripsi pekerjaan SALES MERCHANDISER BOGOR PT Tong Tji Tea Indonesia DESKRIPSI PEKERJAAN - Mengecek jadwal kinerja SPG di setiap tokonya dan absensi kehadiran SPG - Koordinasi dengan GM mengenai pelaksanaan program promo dll - Pemeriksaan terhadap daftar tagihan (BPFP) yang akan dibawa kunjungan - Pencatatan pesanan PO customer - Penanganan (handling) terhadap complain customer - Pembersihan Rak Display KUALIFIKASI - Pria, pend terakhir SMA/K - Memiliki SIM C dan kendaraan pribadi (ketika melamar, harap foto SIM dilampirkan) - Mampu berkomunikasi dengan baik, baik secara lisan maupun tulisan - Memahami sistem FIFO - Mampu mempersuasi agar terjadi transaksi. - Memiliki leadership - Jujur, tanggap, keinginan belajar tinggi, rajin, percaya diri, motivasi tinggi, target oriented",,,,,PENDING,,,,,,,,,,,,,,,,,,,,,,
REAL-IDN-0640,Manager Dental Clinic,HAGAI DENTAL INDONESIA,Retail,hagaidentalindonesia,"Job Title: Manager Dental Clinic
Company: HAGAI DENTAL INDONESIA
Location: Penjaringan
Employment Type: FULL_TIME
Experience: 1-3 years
Education: DIPLOMA
Salary: IDR 4000000 - 7000000
Requirements: Store Operations, Store Management, Communication Skills
Responsibilities: Deskripsi pekerjaan Manager Dental Clinic Hagai Dental Central Asia Hagai Dental Central Asia adalah perusahaan kesehatan gigi yang terkenal dengan pelayanan klinis gigi yang komprehensif dan layanan terbaik untuk pasien-pasien dari berbagai lapisan masyarakat. Dengan misi untuk memberikan perawatan gigi yang unggul dan profesional, kami terus mencari individu yang berbakat dan memiliki dedikasi tinggi untuk bergabung dalam tim kami. Keberhasilan Hagai Dental Central Asia didukung oleh tenaga kerja yang profesional dan berdedikasi tinggi, dan kami berharap Anda dapat menjadi bagian dari perjalanan kami menuju keunggulan dalam layanan kesehatan gigi. Sebagai Manager Dental Clinic, Anda akan bertanggung jawab atas operasional klinik gigi, termasuk manajemen staf, pengelolaan keuangan, dan pengendalian inventaris. Tugas-tugas utama Anda mencakup merancang dan mengimplementasikan rencana operasional klinik, memastikan semua prosedur klinis berjalan sesuai standar, serta mengawasi kualitas layanan yang diberikan kepada pasien. Selain itu, Anda juga akan bertanggung jawab atas komunikasi internal dan eksternal klinik, memastikan hubungan baik dengan pasien dan mitra bisnis. Untuk posisi ini, kami mencari kandidat yang memiliki gelar diploma dan pengalaman kerja minimal satu hingga tiga tahun dalam bidang manajemen toko atau operasional klinik. Kandidat ideal harus memiliki kemampuan manajemen toko dan operasional serta keterampilan komunikasi yang baik. Pemahaman tentang manajemen klinik dan prosedur klinis akan menjadi nilai tambah. Hagai Dental Central Asia menyediakan lingkungan kerja yang dinamis dan mendukung pertumbuhan karier bagi karyawan yang berkomitmen. Bergabunglah dengan tim kami untuk bersama-sama menciptakan masa depan yang cerah dalam dunia kesehatan gigi.",,,,,PENDING,,,,,,,,,,,,,,,,,,,,,,
REAL-IDN-0631,Penjaga toko,Columbus Electronic & Furniture Solo,Retail,columbuselectronicfurnituresolo,"Job Title: Penjaga toko
Company: Columbus Electronic & Furniture Solo
Location: Karanganyar
Employment Type: FULL_TIME
Experience: 0-50 years
Education: SECONDARY_SCHOOL
Salary: IDR 1000000 - 2000000
Requirements: Cashier, Customer Service, Store Operations
Responsibilities: Deskripsi pekerjaan Penjaga toko Columbus Electronic & Furniture Solo melayani nasabah Columbus mengikuti event pameran upload medsos penggarapan database nasabah Columbus",,,,,PENDING,,,,,,,,,,,,,,,,,,,,,,
REAL-IDN-0646,supervisor,coverage coffee & eatery,Retail,coveragecoffeeeatery,"Job Title: supervisor
Company: coverage coffee & eatery
Location: Duren Sawit
Employment Type: FULL_TIME
Experience: 3-5 years
Education: HIGH_SCHOOL
Salary: IDR 3000000 - 3800000
Requirements: Customer Service, Store Operations, Microsoft Excel, Store Activity Operation, Microsoft Word, Teamwork, Administration, Microsoft Office, Store Management
Responsibilities: Deskripsi pekerjaan supervisor coverage coffee & eatery Menguasai Operasional Cafe & Resto (Opening, Closing, Service Flow) Berpengalaman Memimpin Tim Minimal 10-20 Orang  Memahami SOP Pelayanan, Handling Complaint, dan Upselling Mampu Membuat Jadwal Untuk Staff di Semua Section Memiliki Skill Komunikasi Yang Baik  Mampu Mengoperasionalkan Laptop/Komputer",,,,,PENDING,,,,,,,,,,,,,,,,,,,,,,
REAL-IDN-0618,Kepala Divisi Fresh,PT MUTIARA CAHAYA,Retail,ptmutiaracahaya,"Job Title: Kepala Divisi Fresh
Company: PT MUTIARA CAHAYA
Location: Slawi
Employment Type: CONTRACT
Experience: 1-3 years
Education: HIGH_SCHOOL
Salary: IDR 4000000 - 6000000
Requirements: Store Operations, Store Sales, Store Management
Responsibilities: Deskripsi pekerjaan Kepala Divisi Fresh PT MUTIARA CAHAYA Memimpin dan mengawasi seluruh operasional divisi fresh agar berjalan efektif dan efisien. Menyusun strategi kerja dan target divisi sesuai dengan tujuan perusahaan. Mengatur pembagian tugas serta melakukan monitoring kinerja tim. Memastikan kualitas produk/layanan divisi tetap terjaga sesuai standar perusahaan. Melakukan evaluasi kerja dan memberikan solusi atas kendala yang terjadi di lapangan. Berkoordinasi dengan divisi lain untuk mendukung kelancaran operasional. Membuat laporan perkembangan dan pencapaian divisi secara berkala.",,,,,PENDING,,,,,,,,,,,,,,,,,,,,,,
REAL-IDN-0649,Outlet Supervisor,Golden Lamian,Retail,goldenlamian,"Job Title: Outlet Supervisor
Company: Golden Lamian
Location: Kebayoran Lama
Employment Type: FULL_TIME
Experience: 3-5 years
Education: HIGH_SCHOOL
Salary: IDR 3500000 - 4000000
Requirements: Store Operations, Store Activity Operation, Store Management
Responsibilities: Deskripsi pekerjaan Outlet Supervisor Golden Lamian Memastikan operational outlet berjalan dengan baik dan terkendali Memastikan pekerjaan seluruh section operasional outlet berjalan sesuai dengan standart baik proses maupun hasilnya Memastikan kebersihan & kerapihan seluruh area outlet Memastikan kenyamanan & kepuasan pelanggan terkait rasa makanan, maupun service (zero complaint dari customer) Memastikan seluruh laporan keuangan (sales ataupun pattycash) tepat dan sesuai Melakukan pengisian gform & checklist (khusus yg harus diisi oleh SPV) Melakukan report section front ke AM/Management 8. Memimpin & menyelesaikan masalah operational store",,,,,PENDING,,,,,,,,,,,,,,,,,,,,,,
REAL-IDN-0664,"Manager Branding, Marketing dan Sales",SYAILENDRA GROUP,Sales & Marketing,syailendragroup,"Job Title: Manager Branding, Marketing dan Sales
Company: SYAILENDRA GROUP
Location: Gondangrejo
Employment Type: FULL_TIME
Experience: 10-50 years
Education: BACHELOR_DEGREE
Salary: IDR 2500000 - 4000000
Requirements: Marketing Communications, Content Marketing, Google Analytics, Digital Marketing, Google Ads, Brand Management, Sales Management, B2B Marketing, Content Strategy, Social Media
Responsibilities: Deskripsi pekerjaan Manager Branding, Marketing dan Sales SYAILENDRA GROUP Manager Branding Marketing dan Sales PT Syailendra Bumi Investama Lokasi: Karanganyar, Jawa Tengah Jenis Pekerjaan: Full Time Tentang Perusahaan PT Syailendra Bumi Investama merupakan perusahaan yang bergerak di bidang produksi, perdagangan, dan pengembangan produk berbasis bahan alami untuk pasar domestik dan global. Tanggung Jawab Memimpin pencapaian target penjualan perusahaan. Menyusun strategi branding, pemasaran, dan penjualan. Mengembangkan sistem pemasaran dan penjualan yang terukur. Mengelola dan mengembangkan tim pemasaran dan penjualan. Melakukan analisis pasar, pelanggan, dan kompetitor. Mengembangkan berbagai kanal penjualan. Berkoordinasi dengan seluruh divisi terkait untuk mendukung pertumbuhan perusahaan. Kualifikasi Pendidikan minimal S1. Pengalaman minimal 10 tahun di bidang pemasaran dan penjualan. Memiliki pengalaman manajerial minimal 3 tahun. Memahami strategi pemasaran digital dan pengembangan penjualan. Memiliki kemampuan komunikasi, kepemimpinan, dan negosiasi yang baik. Terbiasa bekerja dengan target dan analisis data. Mampu bekerja secara mandiri maupun dalam tim. Benefit Kompensasi kompetitif sesuai pengalaman dan kinerja. Kesempatan pengembangan karier. Lingkungan kerja profesional dan kolaboratif. Kesempatan terlibat dalam pengembangan sistem dan strategi bisnis perusahaan.",,,,,PENDING,,,,,,,,,,,,,,,,,,,,,,
REAL-IDN-0690,Sales / Marketing (Jakarta),PT. Maxindo Mitra Solusi,Sales & Marketing,ptmaxindomitrasolusi,"Job Title: Sales / Marketing (Jakarta)
Company: PT. Maxindo Mitra Solusi
Location: Taman Sari
Employment Type: CONTRACT
Experience: 1-3 years
Education: HIGH_SCHOOL
Salary: IDR 5000000 - 5200000
Requirements: Business Negotiation, Marketing Communications, Salesforce
Responsibilities: Deskripsi pekerjaan Sales / Marketing (Jakarta) PT. Maxindo Mitra Solusi Kesempatan Kami sedang mencari Marketing Executive yang berpengalaman untuk bergabung dengan tim kami di PT Maxindo Mitra Solusi di Kelapa Gading, Jakarta Raya. Sebagai Marketing Executive, Anda akan memainkan peran penting dalam mengembangkan dan menjalankan strategi pemasaran yang efektif untuk mendukung pertumbuhan bisnis kami. Tanggung Jawab Mengembangkan dan melaksanakan strategi penjualan yang efektif untuk menjangkau dan menarik pelanggan baru Mengelola dan memelihara hubungan yang kuat dengan pelanggan saat ini untuk mendorong penjualan ulang dan referensi Memahami kebutuhan pelanggan dan menyediakan solusi yang sesuai dari produk dan layanan kami Mencapai dan melampaui target penjualan yang ditetapkan Melaporkan secara teratur kemajuan penjualan dan membuat proyeksi penjualan Menghadiri pameran, acara, dan pertemuan industri untuk membangun kesadaran merek dan menghasilkan prospek baru Persyaratan Minimal 1 tahun pengalaman dalam peran penjualan di industri teknologi atau serupa Terbukti memiliki jejak rekam yang kuat dalam mencapai dan melampaui target penjualan Kemampuan yang terbukti dalam membangun dan mempertahankan hubungan pelanggan yang kuat Pemahaman yang baik tentang tren dan perkembangan terbaru di industri teknologi Kemampuan berkomunikasi yang sangat baik, baik secara lisan maupun tertulis Berorientasi pada hasil dan termotivasi untuk sukses Kemampuan bernegosiasi dan pemecahan masalah yang kuat Manfaat Paket kompensasi yang kompetitif, termasuk gaji yang menarik dan tunjangan lainnya Peluang pengembangan karir yang jelas dan dukungan pelatihan untuk meningkatkan keterampilan Anda Budaya kerja yang mendukung, dengan fokus pada keseimbangan kehidupan kerja dan kesejahteraan karyawan Kesempatan untuk bekerja di perusahaan inovatif yang berkomitmen pada pertumbuhan dan keunggulan Tentang Kami PT Maxindo Mitra Solusi adalah perusahaan teknologi inovatif yang berfokus pada pengembangan solusi digital untuk membantu bisnis meningkatkan efisiensi dan produktivitas. Kami berkomitmen untuk membangun tim yang beragam dan inklusif, yang mewakili berbagai latar belakang dan perspektif. Jika Anda tertarik untuk bergabung dengan kami dan berkontribusi pada pertumbuhan bisnis kami, lamar posisi ini sekarang. Lokasi penempatan:  Jl. Gajah Mada No.162C, RT.9/RW.5, Keagungan, Kec. Taman Sari, Kota Jakarta Barat, Daerah Khusus Ibukota Jakarta 11130",,,,,PENDING,,,,,,,,,,,,,,,,,,,,,,
REAL-IDN-0681,Sales Associate,BIASA Group,Sales & Marketing,biasagroup,"Job Title: Sales Associate
Company: BIASA Group
Location: Kuta Utara
Employment Type: CONTRACT
Experience: 1-3 years
Education: DIPLOMA
Salary: IDR 3900000 - 3950000
Requirements: Customer Service, Customer Relationship Management, Sales and Marketing, B2C Sales, Sales Strategy, Communication Skills
Responsibilities: Deskripsi pekerjaan Sales Associate BIASA Group Sales Associate Recruitment Open Position for one Retail Sales Associate to join our In-House Sales Team About The Company: BIASA is a leading luxury fashion and lifestyle brand, founded in Bali in 1994, renowned for its sophisticated design, artisanal craftsmanship, and dedication to timeless style. With an international presence, BIASA combines creative excellence with a strong heritage. Main tasks: · Have a good knowledge our retail of product, price range, and stock availability. Bali store locations: Kerobokan, Seminyak, Ubud, Sanur. · Greet and interact with clients, understand the buying power tentatively and provide assistance, addressing their fashion-related inquiries. · Offer expert guidance on product specifications, fashion trends, color combination, and styling. · Utilize the point-of-sale system to accurately and efficiently process sales transactions. · Through proactive consumer engagement, achieve or surpass individual and store sales objectives. · Establish enduring relationships with customers to foster brand loyalty and repeat business. · Maintain to always stay updated of BIASA product knowledge in order to provide superior service standards to customers. Qualifications: · Min 3 years’ experience in luxury fashion retail. · Excellent verbal communication in both Indonesian & English with interpersonal skills. · Ability to work flexible hours, including weekends and holidays. · Strong organizational skills and attention to detail · High school diploma. Additional education is a strong plus. Next point Well-groomed and pleasant appearance. · Strong interest in fashion and an eye for style. · Good memory for preference returning customers and their purchasing history Working Hours 08.30 AM to 15.30 PM, 6 days a week. Location Kerobokan Kelod, Kec. Kuta Utara, Kab. Badung, Bali",,,,,PENDING,,,,,,,,,,,,,,,,,,,,,,
REAL-IDN-0696,Sales Promotor (SPB),PT MediaForte Distribusi Indonesia,Sales & Marketing,ptmediafortedistribusiindonesia,"Job Title: Sales Promotor (SPB)
Company: PT MediaForte Distribusi Indonesia
Location: Gambir
Employment Type: PROJECT_BASED
Experience: 1-3 years
Education: HIGH_SCHOOL
Salary: IDR 1750000 - 2000000
Requirements: Sales and Marketing, Communication Skills, B2C Sales, Sales Strategy
Responsibilities: Deskripsi pekerjaan Sales Promotor (SPB) PT MediaForte Distribusi Indonesia We're Hiring – Full Time SPB (Sales Promotion Boy) Kami sedang mencari Freelance SPB yang energik, komunikatif, dan siap membantu meningkatkan penjualan produk kami! Jika kamu percaya diri menawarkan produk dan senang berinteraksi dengan customer, kami ingin bertemu denganmu. Kualifikasi: Pendidikan minimal SMA/SMK sederajat Komunikatif, aktif, dan percaya diri Memiliki minat di bidang sales dan promosi Mampu menawarkan dan menjelaskan produk dengan baik Berpenampilan rapi dan profesional Pengalaman sebagai SPB / sales / promotor menjadi nilai tambah Target-oriented dan memiliki semangat tinggi dalam berjualan Tanggung jawab: Mempromosikan dan menawarkan produk karaoke rumahan kepada customer Menjelaskan fitur dan keunggulan produk serta melakukan demo sederhana Membantu proses penjualan hingga closing Menjaga display produk tetap rapi dan menarik Memberikan pelayanan yang ramah dan profesional Mendukung kegiatan promosi di toko maupun event Membantu pencapaian target penjualan Benefit: Gaji & Komisi Status: Full Time Penempatan: Roxy, Jakarta Pusat",,,,,PENDING,,,,,,,,,,,,,,,,,,,,,,
REAL-IDN-0668,Marketing Manager,PT AMERTA JIWA INDONESIA,Sales & Marketing,ptamertajiwaindonesia,"Job Title: Marketing Manager
Company: PT AMERTA JIWA INDONESIA
Location: Pagedangan
Employment Type: FULL_TIME
Experience: 3-5 years
Education: BACHELOR_DEGREE
Salary: IDR 9500000 - 13500000
Requirements: Marketing Communications, Team Management, Content Strategy, Content Marketing, Social Media, B2B Marketing, Marketing Management, Affiliate Marketing, TikTok, Digital Marketing
Responsibilities: Deskripsi pekerjaan Marketing Manager PT AMERTA JIWA INDONESIA PT AMERTA JIWA INDONESIA, a leading management firm for spas and fitness centers, seeks dynamic and innovative individuals to join our team at Sandjong Spa and Grid Fitness Hub in Gading Serpong, Tangerang Regency, Banten. With a focus on enhancing guest experiences and expanding our brand presence, we are looking for a Marketing Manager who can help us achieve our goals through strategic marketing initiatives. Our growing portfolio of health and wellness establishments offers an exciting opportunity for someone passionate about promoting vibrant lifestyles and contributing to the success of our brands. The Marketing Manager will be responsible for developing and executing comprehensive marketing strategies to increase brand awareness, drive customer engagement, and boost sales across our properties. Key responsibilities include creating compelling content for social media platforms like TikTok, managing affiliate marketing programs, implementing digital marketing campaigns, and collaborating with team members to ensure seamless execution of all marketing activities. The ideal candidate will also oversee content strategy and ensure consistency in marketing communications across various channels. This role requires strong leadership skills to manage a team effectively and deliver exceptional results. We are seeking candidates who possess a Bachelor’s degree and have between 3 to 5 years of relevant experience in marketing management. Successful applicants should demonstrate proficiency in marketing communications, B2B marketing, digital marketing, and social media management. A solid understanding of affiliate marketing and content strategy is essential. Experience with TikTok and other digital platforms is highly valued. Candidates should be adept at managing teams and possess excellent interpersonal skills to foster collaboration and innovation within the organization. PT AMERTA JIWA INDONESIA offers a rewarding career with opportunities for growth and development in a dynamic environment. Join us in shaping the future of health and wellness in Indonesia.",,,,,PENDING,,,,,,,,,,,,,,,,,,,,,,
REAL-IDN-0699,Travel Consultan,Mister Aladin,Sales & Marketing,misteraladin,"Job Title: Travel Consultan
Company: Mister Aladin
Location: Menteng
Employment Type: CONTRACT
Experience: 1-3 years
Education: HIGH_SCHOOL
Salary: IDR 5500000 - 7000000
Requirements: Airline Ticketing, Tourism Product Operation, Travel Sales, Ticketing System
Responsibilities: Deskripsi pekerjaan Travel Consultan Mister Aladin Tanggung Jawab: Melayani pemesanan dan penerbitan tiket pesawat domestik & internasional. Memberikan konsultasi rute, jadwal, harga, dan maskapai sesuai kebutuhan klien. Melakukan reservasi, reissue, refund, dan reschedule tiket. Menginput dan memproses data pemesanan melalui sistem reservasi (GDS/online booking system). Berkoordinasi dengan maskapai, hotel, dan vendor terkait. Menangani pertanyaan, keluhan, dan permintaan klien dengan cepat dan profesional. Memastikan dokumen perjalanan (e-ticket, itinerary) lengkap dan akurat. Menjaga hubungan baik dengan klien corporate maupun individual. Membuat laporan penjualan dan transaksi ticketing. Kualifikasi: Pendidikan minimal SMA/D3/S1 (diutamakan Pariwisata). Pengalaman minimal 1–2 tahun sebagai Travel Consultant/Ticketing. Menguasai sistem reservasi (Galileo/Amadeus/Sabre atau sejenis). Memahami proses ticketing, reissue, refund, dan reschedule. Memiliki kemampuan komunikasi dan pelayanan pelanggan yang baik. Teliti, cekatan, dan mampu bekerja dengan target. Bersedia bekerja shift atau di luar jam kerja jika diperlukan.",,,,,PENDING,,,,,,,,,,,,,,,,,,,,,,
REAL-IDN-0714,Security Guard,PT StoryG Jaya Indonesia,Security,ptstorygjayaindonesia,"Job Title: Security Guard
Company: PT StoryG Jaya Indonesia
Location: Singosari
Employment Type: FULL_TIME
Experience: 1-3 years
Education: HIGH_SCHOOL
Salary: IDR 3000000 - 3500000
Requirements: Security Guard, Security Management, Office Security
Responsibilities: Deskripsi pekerjaan Security Guard PT StoryG Jaya Indonesia WE ARE HIRING – SECURITY STAFF Kualifikasi: Pria Sehat jasmani dan rohani Disiplin, jujur, dan bertanggung jawab Mampu bekerja shift Memiliki pengalaman minimal 2 tahun sebagai security Mampu bekerja sama dalam tim dan memiliki komunikasi yang baik Jobdesk: Menjaga keamanan dan ketertiban area perusahaan Mengawasi keluar masuk area perusahaan Melakukan patroli rutin Memastikan peraturan perusahaan berjalan dengan baik Melaporkan kejadian atau hal mencurigakan",,,,,PENDING,,,,,,,,,,,,,,,,,,,,,,
REAL-IDN-0740,Security,PT KARYA BINA NUSANTARA,Security,ptkaryabinanusantara,"Job Title: Security
Company: PT KARYA BINA NUSANTARA
Location: Cengkareng
Employment Type: FULL_TIME
Experience: 1-3 years
Education: HIGH_SCHOOL
Salary: IDR 3000000 - 3150000
Requirements: Security Management, Shopping Mall Security, Office Security
Responsibilities: Deskripsi pekerjaan Security PT KARYA BINA NUSANTARA Tugas & Tanggung Jawab: Menjaga keamanan dan ketertiban area kerja Melakukan pemeriksaan keluar-masuk orang dan kendaraan Melakukan patroli rutin Menangani dan melaporkan kejadian keamanan Menegakkan peraturan dan prosedur keamanan perusahaan Memberikan pelayanan dan informasi kepada tamu/karyawan 🎯 Kualifikasi: Pendidikan minimal SMA / Sederajat Memiliki sertifikasi Cakra Satpam, Garda Pratama Memiliki kemampuan bela diri Disiplin, jujur, dan bertanggung jawab Mampu bekerja dengan sistem shift",,,,,PENDING,,,,,,,,,,,,,,,,,,,,,,
REAL-IDN-0731,Security,CV. HONG FENG ANUGERAH JAYA,Security,cvhongfenganugerahjaya,"Job Title: Security
Company: CV. HONG FENG ANUGERAH JAYA
Location: Genuk
Employment Type: FULL_TIME
Experience: 1-3 years
Education: HIGH_SCHOOL
Salary: IDR 3000000 - 3500000
Requirements: Teamwork, Security Management, Office Security
Responsibilities: Deskripsi pekerjaan Security CV. HONG FENG ANUGERAH JAYA CV. HONG FENG ANUGERAH JAYA adalah perusahaan yang bergerak dalam bidang manufacture pisau pond, terkenal dengan produk-produknya yang berkualitas tinggi dan dipercaya oleh banyak pelanggan di seluruh Indonesia. Perusahaan ini berkomitmen untuk terus mengembangkan diri dan meningkatkan kualitas layanan serta produk. Dalam upaya tersebut, kami mencari individu yang kompeten dan siap untuk bergabung dalam tim kami sebagai Security. Kehadiran seorang Security yang profesional akan sangat membantu dalam menjaga keamanan dan ketertiban di lingkungan perusahaan. Dengan pengalaman yang memadai dan sikap kerja yang positif, Anda dapat menjadi bagian dari tim kami yang dinamis dan berdedikasi tinggi. Secara spesifik, tugas utama seorang Security di CV. HONG FENG ANUGERAH JAYA meliputi penjagaan keamanan area perusahaan, pengawasan akses, penegakan aturan keamanan, dan menjaga agar semua aktivitas di dalam perusahaan berjalan dengan baik. Selain itu, Anda juga akan bekerja sama dengan tim lain untuk memastikan lingkungan bebas dari ancaman dan resiko. Pekerjaan ini memerlukan kemampuan komunikasi yang baik, pengelolaan konflik, serta kemampuan untuk bekerja dalam tim yang efektif.",,,,,PENDING,,,,,,,,,,,,,,,,,,,,,,
REAL-IDN-0746,SECURITY OFFICER (SATPAM) BALI,PT. G4S Security Services Denpasar,Security,ptg4ssecurityservicesdenpasar,"Job Title: SECURITY OFFICER (SATPAM) BALI
Company: PT. G4S Security Services Denpasar
Location: Kuta Selatan
Employment Type: FULL_TIME
Experience: 1-3 years
Education: HIGH_SCHOOL
Salary: N/A
Requirements: Office Security, Security Management, Teamwork, Hotel Security, Communication
Responsibilities: Deskripsi pekerjaan SECURITY OFFICER (SATPAM) BALI PT. G4S Security Services Denpasar KUALIFIKASI · Berat badan proporsional · Usia minimum 18 tahun · Pendidikan minimum SMA/SMK/Sederajat · Dapat berkomunikasi dengan baik dan berpenampilan rapi ·  Memiliki sertifikat pendidikan SATPAM ·  Memiliki KTA Satpam ·  Diutamakan memiliki pengalaman Satpam di  · Bersedia ditempatkan di daerah Jimbaran, Nusa Dua , Canggu",,,,,PENDING,,,,,,,,,,,,,,,,,,,,,,
REAL-IDN-0718,SATPAM,PT. Donlim Technology Indonesia,Security,ptdonlimtechnologyindonesia,"Job Title: SATPAM
Company: PT. Donlim Technology Indonesia
Location: Demak
Employment Type: FULL_TIME
Experience: 1-3 years
Education: HIGH_SCHOOL
Salary: IDR 3000000 - 3500000
Requirements: Office Security, Security Management, Kepala Security
Responsibilities: Deskripsi pekerjaan SATPAM PT. Donlim Technology Indonesia PT. Donlim Technology Indonesia adalah perusahaan manufaktur alat elektronik yang berada di lokasi strategis di Kabupaten Demak, Jawa Tengah. Dengan reputasi yang kuat dalam pengembangan dan produksi produk teknologi berkualitas tinggi, kami terus mencari tenaga kerja yang berkompeten untuk mendukung operasional perusahaan. Sebagai bagian dari tim kami, Anda akan memiliki kesempatan untuk bekerja dalam lingkungan yang dinamis dan mendukung, serta berkontribusi pada pencapaian target bisnis yang luar biasa. PT. Donlim Technology Indonesia menawarkan kesempatan karier yang kompetitif dan lingkungan kerja yang positif bagi para profesional yang ingin berkembang dalam industri ini. Dalam rangka mendukung operasional perusahaan, kami sedang mencari individu yang berbakat dan berpengalaman untuk posisi SATPAM. Tugas utama SATPAM termasuk melaksanakan patroli keamanan, memastikan keamanan area kerja, mengawasi akses masuk dan keluar, serta mencegah aktivitas yang dapat membahayakan. SATPAM juga bertanggung jawab untuk menjaga kemanan personel dan properti, serta memastikan bahwa semua prosedur keamanan sesuai dengan regulasi yang berlaku. Keberhasilan SATPAM sangat penting bagi menjaga keseimbangan antara produktivitas dan kenyamanan karyawan. Untuk mengisi posisi ini, kami mencari kandidat yang memenuhi persyaratan berikut: Kandidat harus memiliki pendidikan minimal SMA/SMK, dengan pengalaman kerja antara 1 hingga 3 tahun di bidang keamanan. Kandidat juga harus memiliki keterampilan dalam hal keamanan kantor, manajemen keamanan, dan kepemimpinan dalam bidang keamanan. PT. Donlim Technology Indonesia berkomitmen untuk memberikan peluang pertumbuhan karier kepada karyawan, sehingga siapkah Anda untuk bergabung dalam tim kami dan berkontribusi pada kesuksesan perusahaan Dan mempunyai sertifikat wajib Gada Madya",,,,,PENDING,,,,,,,,,,,,,,,,,,,,,,
REAL-IDN-0749,Security,PT. Surya Mandala Mulia,Security,ptsuryamandalamulia,"Job Title: Security
Company: PT. Surya Mandala Mulia
Location: Kuta Utara
Employment Type: FULL_TIME
Experience: 1-3 years
Education: HIGH_SCHOOL
Salary: IDR 3600000 - 3792000
Requirements: Hotel Security, English Language, Communication Skills
Responsibilities: Deskripsi pekerjaan Security Sepeda Hostel Melakukan pengamanan terhadap situasi di Hostel Memastikan tamu mengikuti aturan yang berlaku di Hostel Melakukan handle late check in saat malam Bekerja sama dengan seluruh departemen dalam kegiatan operasional",,,,,PENDING,,,,,,,,,,,,,,,,,,,,,,
REAL-IDN-0764,Executive Assistant & Business Development Associate,PT Biolue Medic Indonesia,Technology & Data,ptbioluemedicindonesia,"Job Title: Executive Assistant & Business Development Associate
Company: PT Biolue Medic Indonesia
Location: Kebayoran Baru
Employment Type: FULL_TIME
Experience: 1-3 years
Education: BACHELOR_DEGREE
Salary: N/A
Requirements: Business Development, Business Negotiation, Business Growth Strategy, Salesforce, New Business Development, Business Strategy
Responsibilities: Deskripsi pekerjaan Executive Assistant & Business Development Associate PT Biolue Medic Indonesia Executive Assistant & Business Development Associate (Korean Speaker) We are a growing Korean aesthetic medical company specializing in the distribution of premium Korean aesthetic products including toxins, fillers, and medical devices across Indonesia. With several BPOM-approved products, we are currently expanding our business and looking for passionate talents to grow together with us. Key Responsibilities: • Support Korean management through Korean ↔ Indonesian interpretation and translation • Assist during meetings, clinic visits, and client communications • Support business development and sales activities • Build and maintain relationships with clinics and business partners • Coordinate communication between Korean management and local teams Requirements: • Fluent in Korean and Indonesian (spoken & written) • Good communication and interpersonal skills • Passionate about beauty, skincare, and aesthetic industry • Proactive, responsible, and willing to learn • 1–3 years experience preferred (Fresh graduates are welcome) What We Offer: • Opportunity to grow in the Korean aesthetic industry • Career development opportunity • Competitive salary and performance incentive",,,,,PENDING,,,,,,,,,,,,,,,,,,,,,,
REAL-IDN-0790,Junior SPV,PT. Artatel Indo Karya,Technology & Data,ptartatelindokarya,"Job Title: Junior SPV
Company: PT. Artatel Indo Karya
Location: Ciputat Timur
Employment Type: FULL_TIME
Experience: 3-5 years
Education: DIPLOMA
Salary: IDR 3000000 - 4000000
Requirements: Agriculture, Hidroponik, Leadership
Responsibilities: Deskripsi pekerjaan Junior SPV PT. Artatel Indo Karya PT. Artatel Indo Karya memiliki anak perusahaan digital yaitu PT Bangun Integrasi Nusa adalah perusahaan yang bergerak di bidang pertanian modern dan pengelolaan produk pertanian. Perusahaan ini terus berusaha untuk mengembangkan teknologi pertanian agar lebih efisien dan berkelanjutan. Dengan berbagai inovasi yang kami ciptakan, PT. Bangun Integrasi Nusa  berupaya memberikan kontribusi positif terhadap pertanian di Indonesia. Kami mencari individu yang memiliki bakat, semangat, dan keterampilan yang memadai untuk membantu kita dalam usaha ini. Sebagai bagian dari tim kami, Anda akan bekerja dalam lingkungan yang dinamis dan mendukung perkembangan karier Anda. Kami percaya bahwa setiap anggota tim memiliki peran penting dalam mencapai tujuan bersama. Sebagai Junior SPV di bidang Product Operations, Anda akan bertanggung jawab atas pengelolaan dan pengembangan produk. Anda akan bekerja dengan tim untuk merancang, mengembangkan, dan memantau peluncuran produk baru. Tugas utama Anda termasuk analisis pasar, survei kebutuhan pelanggan, serta pengembangan strategi pemasaran untuk mempromosikan produk-produk kami. Anda juga akan terlibat dalam pengawasan proses produksi dan pengendalian kualitas, serta menganalisis data untuk memastikan efisiensi operasional. Kami mencari individu yang memiliki latar belakang pendidikan diploma dan memiliki pengalaman minimal 3 hingga 5 tahun dalam bidang pertanian dan hidroponik. Kandidat harus memiliki kemampuan kepemimpinan yang baik dan memahami prinsip-prinsip agronomi serta teknologi hidroponik. Anda akan bekerja dalam tim yang dinamis dan profesional, dengan tanggung jawab besar namun dukungan penuh dari manajemen dan rekan kerja. PT. Artatel Indo Karya menawarkan kesempatan bagi Anda untuk berkembang dalam karier Anda sambil bekerja dengan lingkungan yang positif dan berorientasi pada inovasi.",,,,,PENDING,,,,,,,,,,,,,,,,,,,,,,
REAL-IDN-0781,food tech,PT. Wang Niu Kreasi,Technology & Data,ptwangniukreasi,"Job Title: food tech
Company: PT. Wang Niu Kreasi
Location: Cilincing
Employment Type: FULL_TIME
Experience: 1-3 years
Education: BACHELOR_DEGREE
Salary: IDR 4000000 - 7000000
Requirements: Research and Development (R&D), Food Packaging, Beverage R&D
Responsibilities: Deskripsi pekerjaan food tech Soda Bantenk Job Description: Melakukan research & development untuk pengembangan produk minuman (terutama minuman berkarbonasi) Mengembangkan dan menyempurnakan formulasi produk untuk memastikan kualitas rasa, aroma, dan stabilitas Melakukan uji coba (trial) produk serta scaling dari skala kecil ke produksi massal Mengawasi dan memastikan konsistensi kualitas produk pada setiap batch produksi Melakukan pengujian shelf life dan stabilitas produk (rasa, warna, karbonasi) Bekerja sama dengan tim produksi untuk meningkatkan efisiensi proses tanpa mengurangi kualitas Mengidentifikasi dan menyelesaikan permasalahan terkait kualitas produk Mengurus proses perizinan produk, termasuk registrasi ke BPOM dan sertifikasi halal Menyusun dan mengelola dokumentasi terkait formulasi, proses produksi, dan standar kualitas Requirements: Pendidikan minimal S1 Teknologi Pangan / Kimia / bidang terkait Memiliki pengalaman di industri makanan/minuman (lebih disukai di minuman berkarbonasi) Memahami proses produksi dan pengendalian kualitas produk Memiliki kemampuan analisis dan problem solving yang baik Teliti, detail-oriented, dan mampu bekerja secara tim maupun individu",,,,,PENDING,,,,,,,,,,,,,,,,,,,,,,
REAL-IDN-0796,Luggage Repair & Key Duplication Specialist Staff,PT Jaya Baswara Mandiri,Technology & Data,ptjayabaswaramandiri,"Job Title: Luggage Repair & Key Duplication Specialist Staff
Company: PT Jaya Baswara Mandiri
Location: Penjaringan
Employment Type: FULL_TIME
Experience: 1-3 years
Education: HIGH_SCHOOL
Salary: IDR 5700000 - 5730000
Requirements: Tsa Lock, Roda Koper, Zipper Koper, Handle Koper, Reparasi Koper, Duplikasi Kunci
Responsibilities: Deskripsi pekerjaan Luggage Repair & Key Duplication Specialist Staff PT Jaya Baswara Mandiri Kualifikasi: - Pria/Wanita usia 20 - 40 tahun. - Pendidikan minimal SMA/SMK  - Pengalaman minimal 2 tahun di bidang perbaikan koper atau tas  - Memahami struktur hardcase & softcase Koper  - Berpengalaman menangani penggantian roda, handle, zipper, serta sistem kunci termausk tipe Transportation Security Administration (TSA Lock) pada Koper  - Mampu mengoperasikan mesin jahit untuk kebutuhan reparasi Koper dan Tas  - Memiliki ketelitian, integritas, & standar kerja yang rapi. - Berpenampilan profesional & komunikatif. - Mampu bekerja dengan target & standar layanan premium - Memiliki motivasi kerja yang tinggi serta keinginan kuat untuk terus belajar dan beradaptasi dengan hal-hal baru Tanggungjawab: - Melakukan pemeriksaan dan identifikasi kerusakan pada koper (roda, handle, resleting, kunci TSA, rangka, dan body koper). - Melakukan perbaikan koper sesuai jenis dan tingkat kerusakan. - Melakukan penggantian atau perbaikan spare part koper. - Melakukan proses jahit-menjahit secara presisi pada material koper (kain, kulit, atau bahan sintetis tebal) sesuai dengan standar kualitas perusahaan. - Melakukan quality control dan finishing setelah proses reparasi. - Merawat dan menggunakan peralatan reparasi dengan baik. - Berkoordinasi dengan baik pada bagian Customer Service, Gudang, atau atasan terkait status pekerjaan.",,,,,PENDING,,,,,,,,,,,,,,,,,,,,,,
REAL-IDN-0768,Business Development Manager,PT JJAP Select Service Indonesia,Technology & Data,ptjjapselectserviceindonesia,"Job Title: Business Development Manager
Company: PT JJAP Select Service Indonesia
Location: Penjaringan
Employment Type: FULL_TIME
Experience: 5-10 years
Education: DIPLOMA
Salary: IDR 15000000 - 17000000
Requirements: English Language, Salesforce, Standard Mandarin, Sales and Marketing, Business Negotiation, Business Strategy, Chinese Language, B2B Sales
Responsibilities: Deskripsi pekerjaan Business Development Manager JJAP Indonesia Business Development (BD) Manager – Hotel Management Company Reporting To: CEO / Managing Director Key Responsibilities •	Identify and develop new hotel management/property/leasing/consultancy opportunities in Indonesia. •	Build and maintain strong relationships with hotel owners, property owners, developers, investors, and strategic partners. •	Prepare commercial proposals, feasibility summaries, and management contract presentations. •	Support negotiation of hotel management agreements and commercial terms. •	Conduct market research and competitor benchmarking. •	Coordinate with operations, technical services, and finance teams during project onboarding. Qualifications & Requirements •	Bachelor’s degree in Hospitality, Business, Marketing, or related field. •	Minimum 3 years of BD/Account Manager experience in hotel/asset management/property/real estate/OTA management/hospitality consulting. •	Strong commercial negotiation and presentation skills. •	Solid understanding of property/hotel trends •	Fluent in English; Mandarin Chinese proficiency is an advantage. •	Willing to travel within Indonesia.",,,,,PENDING,,,,,,,,,,,,,,,,,,,,,,
REAL-IDN-0799,Operator Sewing,No Void Minds,Technology & Data,novoidminds,"Job Title: Operator Sewing
Company: No Void Minds
Location: Babakan Ciparay
Employment Type: FULL_TIME
Experience: 1-3 years
Education: HIGH_SCHOOL
Salary: N/A
Requirements: Textile Sampling, Sewing, Pattern Making, Teamwork
Responsibilities: Deskripsi pekerjaan Operator Sewing No Void Minds DESKRIPSI PEKERJAAN 1. Menjahit bagian atau seluruh pakaian sesuai instruksi kerja, pola, dan sampel yang telah ditentukan. 2. Mengoperasikan mesin jahit sesuai kebutuhan produksi  (WAJIB BISA MENGGUNAKAN SELURUH mesin jahit berikut : Jarum 1, Obras, dan OVERDECK) 3. Memastikan hasil jahitan rapi, kuat, dan sesuai standar kualitas perusahaan. 4. Memenuhi target produksi harian yang telah ditetapkan. 5. Memeriksa bahan sebelum dan sesudah proses menjahit untuk memastikan tidak ada cacat. 6. Melaporkan kepada supervisor jika terdapat masalah pada bahan, pola, atau mesin. 7. Menjaga kebersihan dan kerapihan area kerja serta mesin jahit. 8. Melakukan perawatan ringan mesin jahit (membersihkan, mengganti jarum, mengatur benang). 9. Bekerja sama dengan tim produksi, QC, dan finishing untuk kelancaran proses produksi. 10. Mengikuti SOP produksi dan aturan keselamatan kerja perusahaan. KUALIFIKASI 1. Laki-laki / Perempuan. 2. Pendidikan minimal SMA / Sederajat. 3.  WAJIB  Dapat mengoperasikan  Seluruh Jenis Mesin Jahit (Jarum 1, Obras, Overdeck)  yang sudah disebutkan di Deskripsi. 4. Dapat mengganti benang dan memasang jarum sendiri. 5. Bersedia bergabung secepatnya. 6. Penempatan Bandung, Babakan Ciparay. Notes : Gaji kompetitif.",,,,,PENDING,,,,,,,,,,,,,,,,,,,,,,
